sound_id,game_zone,source_type,sub_category,audioset_class,all_labels,fname,file_path,source_dataset,original_fname,duration_sec,ambiguous
Animal_77589,Animal,Biological,Thunder,Thunder,"Thunder, Cricket, Thunderstorm, Insect, Wild animals, Animal",77589,Audio/Animal/77589,FSD50K,77589,,False
Animal_116226,Animal,Biological,Bird,Bird,"Bird, Wild animals, Animal",116226,Audio/Animal/116226,FSD50K,116226,,False
Animal_243044,Animal,Biological,Insect,Insect,"Insect, Wild animals, Animal",243044,Audio/Animal/243044,FSD50K,243044,,False
Animal_32797,Animal,Biological,Frog,Frog,"Frog, Wild animals, Animal",32797,Audio/Animal/32797,FSD50K,32797,,False
Animal_114436,Animal,Biological,Bird,Bird,"Bird, Wild animals, Animal",114436,Audio/Animal/114436,FSD50K,114436,,False
Animal_360411,Animal,Biological,Bark,Bark,"Bark, Dog, Domestic animals and pets, Animal",360411,Audio/Animal/360411,FSD50K,360411,,False
Animal_236250,Animal,Biological,Bark,Bark,"Bark, Dog, Domestic animals and pets, Animal",236250,Audio/Animal/236250,FSD50K,236250,,False
Animal_62212,Animal,Biological,Meow,Meow,"Meow, Cat, Domestic animals and pets, Animal",62212,Audio/Animal/62212,FSD50K,62212,,False
Animal_393569,Animal,Biological,Dog,Dog,"Dog, Domestic animals and pets, Animal",393569,Audio/Animal/393569,FSD50K,393569,,False
Animal_236172,Animal,Biological,Bark,Bark,"Bark, Dog, Domestic animals and pets, Animal",236172,Audio/Animal/236172,FSD50K,236172,,False
Animal_103048,Animal,Biological,Insect,Insect,"Insect, Wild animals, Animal",103048,Audio/Animal/103048,FSD50K,103048,,False
Animal_111325,Animal,Biological,Insect,Insect,"Insect, Wild animals, Animal",111325,Audio/Animal/111325,FSD50K,111325,,False
Animal_100248,Animal,Biological,Bird,Bird,"Bird, Wild animals, Animal",100248,Audio/Animal/100248,FSD50K,100248,,False
Animal_60992,Animal,Biological,Dog,Dog,"Dog, Domestic animals and pets, Animal",60992,Audio/Animal/60992,FSD50K,60992,,False
Animal_155577,Animal,Biological,Bird vocalization and bird call and bird song,Bird vocalization and bird call and bird song,"Bird vocalization and bird call and bird song, Bird, Wild animals, Animal",155577,Audio/Animal/155577,FSD50K,155577,,False
Animal_216934,Animal,Biological,Bird,Bird,"Bird, Wild animals, Animal",216934,Audio/Animal/216934,FSD50K,216934,,False
Animal_429691,Animal,Biological,Bird vocalization and bird call and bird song,Bird vocalization and bird call and bird song,"Bird vocalization and bird call and bird song, Bird, Wild animals, Animal",429691,Audio/Animal/429691,FSD50K,429691,,False
Animal_266354,Animal,Biological,Bird,Bird,"Bird, Wild animals, Animal",266354,Audio/Animal/266354,FSD50K,266354,,False
Animal_59517,Animal,Biological,Bird vocalization and bird call and bird song,Bird vocalization and bird call and bird song,"Bird vocalization and bird call and bird song, Bird, Wild animals, Animal",59517,Audio/Animal/59517,FSD50K,59517,,False
Animal_28110,Animal,Biological,Bird vocalization and bird call and bird song,Bird vocalization and bird call and bird song,"Bird vocalization and bird call and bird song, Bird, Wild animals, Animal",28110,Audio/Animal/28110,FSD50K,28110,,False
Animal_59293,Animal,Biological,Gull and seagull,Gull and seagull,"Gull and seagull, Bird, Wild animals, Animal",59293,Audio/Animal/59293,FSD50K,59293,,False
Animal_43778,Animal,Biological,Gull and seagull,Gull and seagull,"Gull and seagull, Waves and surf, Bird, Wild animals, Animal, Ocean, Water",43778,Audio/Animal/43778,FSD50K,43778,,False
Animal_54523,Animal,Biological,Gull and seagull,Gull and seagull,"Gull and seagull, Bird, Wild animals, Animal",54523,Audio/Animal/54523,FSD50K,54523,,False
Animal_155322,Animal,Biological,Dog,Dog,"Dog, Domestic animals and pets, Animal",155322,Audio/Animal/155322,FSD50K,155322,,False
Animal_31578,Animal,Biological,Chirp and tweet,Chirp and tweet,"Chirp and tweet, Bird vocalization and bird call and bird song, Bird, Wild animals, Animal",31578,Audio/Animal/31578,FSD50K,31578,,False
Animal_174203,Animal,Biological,Hiss,Hiss,Hiss,174203,Audio/Animal/174203,FSD50K,174203,,False
Animal_361428,Animal,Biological,Bird vocalization and bird call and bird song,Bird vocalization and bird call and bird song,"Bird vocalization and bird call and bird song, Bird, Wild animals, Animal",361428,Audio/Animal/361428,FSD50K,361428,,False
Animal_235881,Animal,Biological,Dog,Dog,"Dog, Domestic animals and pets, Animal",235881,Audio/Animal/235881,FSD50K,235881,,False
Animal_13738,Animal,Biological,Bird vocalization and bird call and bird song,Bird vocalization and bird call and bird song,"Bird vocalization and bird call and bird song, Bird, Wild animals, Animal",13738,Audio/Animal/13738,FSD50K,13738,,False
Animal_18663,Animal,Biological,Bird,Bird,"Bird, Rain, Wild animals, Animal, Water",18663,Audio/Animal/18663,FSD50K,18663,,False
Animal_181481,Animal,Biological,Hiss,Hiss,Hiss,181481,Audio/Animal/181481,FSD50K,181481,,False
Animal_56761,Animal,Biological,Frog,Frog,"Frog, Wild animals, Animal",56761,Audio/Animal/56761,FSD50K,56761,,False
Animal_144017,Animal,Biological,Buzz,Buzz,"Buzz, Insect, Wild animals, Animal",144017,Audio/Animal/144017,FSD50K,144017,,False
Animal_47604,Animal,Biological,Chirp and tweet,Chirp and tweet,"Chirp and tweet, Bird vocalization and bird call and bird song, Bird, Wild animals, Animal",47604,Audio/Animal/47604,FSD50K,47604,,False
Animal_60759,Animal,Biological,Cricket,Cricket,"Cricket, Human voice, Insect, Wild animals, Animal",60759,Audio/Animal/60759,FSD50K,60759,,False
Animal_49982,Animal,Biological,Bird vocalization and bird call and bird song,Bird vocalization and bird call and bird song,"Bird vocalization and bird call and bird song, Bird, Wild animals, Animal",49982,Audio/Animal/49982,FSD50K,49982,,False
Animal_161084,Animal,Biological,Bird,Bird,"Bird, Wild animals, Animal",161084,Audio/Animal/161084,FSD50K,161084,,False
Animal_405483,Animal,Biological,Bird,Bird,"Bird, Wild animals, Animal",405483,Audio/Animal/405483,FSD50K,405483,,False
Animal_152817,Animal,Biological,Dog,Dog,"Dog, Breathing, Domestic animals and pets, Animal, Respiratory sounds",152817,Audio/Animal/152817,FSD50K,152817,,False
Animal_50614,Animal,Biological,Bark,Bark,"Bark, Dog, Domestic animals and pets, Animal",50614,Audio/Animal/50614,FSD50K,50614,,False
Animal_52413,Animal,Biological,Frog,Frog,"Frog, Wild animals, Animal",52413,Audio/Animal/52413,FSD50K,52413,,False
Animal_321570,Animal,Biological,Bird,Bird,"Bird, Wild animals, Animal",321570,Audio/Animal/321570,FSD50K,321570,,False
Animal_236044,Animal,Biological,Bark,Bark,"Bark, Dog, Domestic animals and pets, Animal",236044,Audio/Animal/236044,FSD50K,236044,,False
Animal_181767,Animal,Biological,Dog,Dog,"Dog, Domestic animals and pets, Animal",181767,Audio/Animal/181767,FSD50K,181767,,False
Animal_266592,Animal,Biological,Buzz,Buzz,"Buzz, Insect, Wild animals, Animal",266592,Audio/Animal/266592,FSD50K,266592,,False
Animal_63261,Animal,Biological,Bark,Bark,"Bark, Dog, Domestic animals and pets, Animal",63261,Audio/Animal/63261,FSD50K,63261,,False
Animal_316915,Animal,Biological,Hiss,Hiss,"Hiss, Cat, Domestic animals and pets, Animal",316915,Audio/Animal/316915,FSD50K,316915,,False
Animal_431746,Animal,Biological,Bird vocalization and bird call and bird song,Bird vocalization and bird call and bird song,"Bird vocalization and bird call and bird song, Bird, Wild animals, Animal",431746,Audio/Animal/431746,FSD50K,431746,,False
Animal_130034,Animal,Biological,Meow,Meow,"Meow, Cat, Domestic animals and pets, Animal",130034,Audio/Animal/130034,FSD50K,130034,,False
Animal_408747,Animal,Biological,Purr,Purr,"Purr, Cat, Domestic animals and pets, Animal",408747,Audio/Animal/408747,FSD50K,408747,,False
Animal_159426,Animal,Biological,Crow,Crow,"Crow, Bird, Wild animals, Animal",159426,Audio/Animal/159426,FSD50K,159426,,False
Animal_17506,Animal,Biological,Bird,Bird,"Bird, Wild animals, Animal",17506,Audio/Animal/17506,FSD50K,17506,,False
Animal_60938,Animal,Biological,Gull and seagull,Gull and seagull,"Gull and seagull, Bird, Wild animals, Animal",60938,Audio/Animal/60938,FSD50K,60938,,False
Animal_119641,Animal,Biological,Insect,Insect,"Insect, Wild animals, Animal",119641,Audio/Animal/119641,FSD50K,119641,,False
Animal_164476,Animal,Biological,Bird,Bird,"Bird, Wild animals, Animal",164476,Audio/Animal/164476,FSD50K,164476,,False
Animal_266352,Animal,Biological,Bird,Bird,"Bird, Wild animals, Animal",266352,Audio/Animal/266352,FSD50K,266352,,False
Animal_212812,Animal,Biological,Frog,Frog,"Frog, Wild animals, Animal",212812,Audio/Animal/212812,FSD50K,212812,,False
Animal_7907,Animal,Biological,Bird,Bird,"Bird, Wild animals, Animal",7907,Audio/Animal/7907,FSD50K,7907,,False
Animal_195986,Animal,Biological,Cricket,Cricket,"Cricket, Insect, Wild animals, Animal",195986,Audio/Animal/195986,FSD50K,195986,,False
Animal_9328,Animal,Biological,Chirp and tweet,Chirp and tweet,"Chirp and tweet, Bird vocalization and bird call and bird song, Bird, Wild animals, Animal",9328,Audio/Animal/9328,FSD50K,9328,,False
Animal_46256,Animal,Biological,Meow,Meow,"Meow, Cat, Domestic animals and pets, Animal",46256,Audio/Animal/46256,FSD50K,46256,,False
Animal_78324,Animal,Biological,Growling,Growling,"Growling, Dog, Domestic animals and pets, Animal",78324,Audio/Animal/78324,FSD50K,78324,,False
Animal_34325,Animal,Biological,Bird,Bird,"Bird, Wild animals, Animal",34325,Audio/Animal/34325,FSD50K,34325,,False
Animal_245024,Animal,Biological,Dog,Dog,"Dog, Domestic animals and pets, Animal",245024,Audio/Animal/245024,FSD50K,245024,,False
Animal_236200,Animal,Biological,Bark,Bark,"Bark, Dog, Domestic animals and pets, Animal",236200,Audio/Animal/236200,FSD50K,236200,,False
Animal_236268,Animal,Biological,Bark,Bark,"Bark, Animal, Dog, Domestic animals and pets",236268,Audio/Animal/236268,FSD50K,236268,,False
Animal_391273,Animal,Biological,Dog,Dog,"Dog, Domestic animals and pets, Animal",391273,Audio/Animal/391273,FSD50K,391273,,False
Animal_121888,Animal,Biological,Bark,Bark,"Bark, Growling, Dog, Domestic animals and pets, Animal",121888,Audio/Animal/121888,FSD50K,121888,,False
Animal_346318,Animal,Biological,Crow,Crow,"Crow, Bird, Wild animals, Animal",346318,Audio/Animal/346318,FSD50K,346318,,False
Animal_263483,Animal,Biological,Crow,Crow,"Crow, Bird, Wild animals, Animal",263483,Audio/Animal/263483,FSD50K,263483,,False
Animal_342347,Animal,Biological,Bird,Bird,"Bird, Wild animals, Animal",342347,Audio/Animal/342347,FSD50K,342347,,False
Animal_174886,Animal,Biological,Gull and seagull,Gull and seagull,"Gull and seagull, Crow, Bird, Wild animals, Animal",174886,Audio/Animal/174886,FSD50K,174886,,False
Animal_90208,Animal,Biological,Bird vocalization and bird call and bird song,Bird vocalization and bird call and bird song,"Bird vocalization and bird call and bird song, Bird, Wild animals, Animal",90208,Audio/Animal/90208,FSD50K,90208,,False
Animal_114435,Animal,Biological,Bird,Bird,"Bird, Wild animals, Animal",114435,Audio/Animal/114435,FSD50K,114435,,False
Animal_62048,Animal,Biological,Bark,Bark,"Bark, Dog, Domestic animals and pets, Animal",62048,Audio/Animal/62048,FSD50K,62048,,False
Animal_24020,Animal,Biological,Cat,Cat,"Cat, Domestic animals and pets, Animal",24020,Audio/Animal/24020,FSD50K,24020,,False
Animal_333449,Animal,Biological,Hiss,Hiss,Hiss,333449,Audio/Animal/333449,FSD50K,333449,,False
Animal_58337,Animal,Biological,Cricket,Cricket,"Cricket, Insect, Wild animals, Animal",58337,Audio/Animal/58337,FSD50K,58337,,False
Animal_101799,Animal,Biological,Hiss,Hiss,Hiss,101799,Audio/Animal/101799,FSD50K,101799,,False
Animal_266424,Animal,Biological,Bird,Bird,"Bird, Wild animals, Animal",266424,Audio/Animal/266424,FSD50K,266424,,False
Animal_236258,Animal,Biological,Dog,Dog,"Dog, Domestic animals and pets, Animal",236258,Audio/Animal/236258,FSD50K,236258,,False
Animal_430508,Animal,Biological,Meow,Meow,"Meow, Cat, Domestic animals and pets, Animal",430508,Audio/Animal/430508,FSD50K,430508,,False
Animal_341899,Animal,Biological,Bird,Bird,"Bird, Wild animals, Animal",341899,Audio/Animal/341899,FSD50K,341899,,False
Animal_50620,Animal,Biological,Hiss,Hiss,Hiss,50620,Audio/Animal/50620,FSD50K,50620,,False
Animal_22340,Animal,Biological,Cricket,Cricket,"Cricket, Insect, Wild animals, Animal",22340,Audio/Animal/22340,FSD50K,22340,,False
Animal_233781,Animal,Biological,Insect,Insect,"Insect, Wild animals, Animal",233781,Audio/Animal/233781,FSD50K,233781,,False
Animal_353216,Animal,Biological,Bird vocalization and bird call and bird song,Bird vocalization and bird call and bird song,"Bird vocalization and bird call and bird song, Bird, Wild animals, Animal",353216,Audio/Animal/353216,FSD50K,353216,,False
Animal_100047,Animal,Biological,Bird,Bird,"Bird, Wild animals, Animal",100047,Audio/Animal/100047,FSD50K,100047,,False
Animal_386865,Animal,Biological,Chirp and tweet,Chirp and tweet,"Chirp and tweet, Bird vocalization and bird call and bird song, Bird, Wild animals, Animal",386865,Audio/Animal/386865,FSD50K,386865,,False
Animal_268958,Animal,Biological,Frog,Frog,"Frog, Wild animals, Animal",268958,Audio/Animal/268958,FSD50K,268958,,False
Animal_9326,Animal,Biological,Chirp and tweet,Chirp and tweet,"Chirp and tweet, Bird vocalization and bird call and bird song, Bird, Wild animals, Animal",9326,Audio/Animal/9326,FSD50K,9326,,False
Animal_251674,Animal,Biological,Bird,Bird,"Bird, Wild animals, Animal",251674,Audio/Animal/251674,FSD50K,251674,,False
Animal_192047,Animal,Biological,Meow,Meow,"Meow, Cat, Domestic animals and pets, Animal",192047,Audio/Animal/192047,FSD50K,192047,,False
Animal_216202,Animal,Biological,Bird vocalization and bird call and bird song,Bird vocalization and bird call and bird song,"Bird vocalization and bird call and bird song, Bird, Wild animals, Animal",216202,Audio/Animal/216202,FSD50K,216202,,False
Animal_18825,Animal,Biological,Buzz,Buzz,"Buzz, Insect, Wild animals, Animal",18825,Audio/Animal/18825,FSD50K,18825,,False
Animal_321870,Animal,Biological,Buzz,Buzz,"Buzz, Insect, Wild animals, Animal",321870,Audio/Animal/321870,FSD50K,321870,,False
Animal_131475,Animal,Biological,Gull and seagull,Gull and seagull,"Gull and seagull, Bird, Wild animals, Animal",131475,Audio/Animal/131475,FSD50K,131475,,False
Animal_390558,Animal,Biological,Bird,Bird,"Bird, Wild animals, Animal",390558,Audio/Animal/390558,FSD50K,390558,,False
Animal_341041,Animal,Biological,Dog,Dog,"Dog, Domestic animals and pets, Animal",341041,Audio/Animal/341041,FSD50K,341041,,False
Animal_156643,Animal,Biological,Meow,Meow,"Meow, Cat, Domestic animals and pets, Animal",156643,Audio/Animal/156643,FSD50K,156643,,False
Animal_255588,Animal,Biological,Purr,Purr,"Purr, Cat, Domestic animals and pets, Animal",255588,Audio/Animal/255588,FSD50K,255588,,False
Animal_361449,Animal,Biological,Buzz,Buzz,"Buzz, Insect, Wild animals, Animal",361449,Audio/Animal/361449,FSD50K,361449,,False
Animal_192766,Animal,Biological,Gull and seagull,Gull and seagull,"Gull and seagull, Bird, Wild animals, Animal",192766,Audio/Animal/192766,FSD50K,192766,,False
Animal_100455,Animal,Biological,Chirp and tweet,Chirp and tweet,"Chirp and tweet, Bird vocalization and bird call and bird song, Bird, Wild animals, Animal",100455,Audio/Animal/100455,FSD50K,100455,,False
Animal_220988,Animal,Biological,Cricket,Cricket,"Cricket, Insect, Wild animals, Animal",220988,Audio/Animal/220988,FSD50K,220988,,False
Animal_181486,Animal,Biological,Hiss,Hiss,Hiss,181486,Audio/Animal/181486,FSD50K,181486,,False
Animal_348247,Animal,Biological,Bark,Bark,"Bark, Dog, Domestic animals and pets, Animal",348247,Audio/Animal/348247,FSD50K,348247,,False
Animal_236281,Animal,Biological,Bark,Bark,"Bark, Dog, Domestic animals and pets, Animal",236281,Audio/Animal/236281,FSD50K,236281,,False
Animal_10380,Animal,Biological,Growling,Growling,"Growling, Animal",10380,Audio/Animal/10380,FSD50K,10380,,False
Animal_253672,Animal,Biological,Bird,Bird,"Bird, Wild animals, Animal",253672,Audio/Animal/253672,FSD50K,253672,,False
Animal_236055,Animal,Biological,Bark,Bark,"Bark, Dog, Domestic animals and pets, Animal",236055,Audio/Animal/236055,FSD50K,236055,,False
Animal_236117,Animal,Biological,Bark,Bark,"Bark, Dog, Domestic animals and pets, Animal",236117,Audio/Animal/236117,FSD50K,236117,,False
Animal_269121,Animal,Biological,Dog,Dog,"Dog, Domestic animals and pets, Animal",269121,Audio/Animal/269121,FSD50K,269121,,False
Animal_55152,Animal,Biological,Meow,Meow,"Meow, Cat, Domestic animals and pets, Animal",55152,Audio/Animal/55152,FSD50K,55152,,False
Animal_99956,Animal,Biological,Buzz,Buzz,"Buzz, Insect, Wild animals, Animal",99956,Audio/Animal/99956,FSD50K,99956,,False
Animal_83834,Animal,Biological,Meow,Meow,"Meow, Cat, Domestic animals and pets, Animal",83834,Audio/Animal/83834,FSD50K,83834,,False
Animal_204522,Animal,Biological,Bird vocalization and bird call and bird song,Bird vocalization and bird call and bird song,"Bird vocalization and bird call and bird song, Bird, Wild animals, Animal",204522,Audio/Animal/204522,FSD50K,204522,,False
Animal_20472,Animal,Biological,Bird vocalization and bird call and bird song,Bird vocalization and bird call and bird song,"Bird vocalization and bird call and bird song, Bird, Wild animals, Animal",20472,Audio/Animal/20472,FSD50K,20472,,False
Animal_216216,Animal,Biological,Cricket,Cricket,"Cricket, Insect, Wild animals, Animal",216216,Audio/Animal/216216,FSD50K,216216,,False
Animal_127111,Animal,Biological,Dog,Dog,"Dog, Domestic animals and pets, Animal",127111,Audio/Animal/127111,FSD50K,127111,,False
Animal_64004,Animal,Biological,Purr,Purr,"Purr, Cat, Domestic animals and pets, Animal",64004,Audio/Animal/64004,FSD50K,64004,,False
Animal_414710,Animal,Biological,Bird,Bird,"Bird, Wild animals, Animal",414710,Audio/Animal/414710,FSD50K,414710,,False
Animal_389609,Animal,Biological,Crow,Crow,"Crow, Bird, Wild animals, Animal",389609,Audio/Animal/389609,FSD50K,389609,,False
Animal_389254,Animal,Biological,Bark,Bark,"Bark, Dog, Domestic animals and pets, Animal",389254,Audio/Animal/389254,FSD50K,389254,,False
Animal_194774,Animal,Biological,Frog,Frog,"Frog, Wild animals, Animal",194774,Audio/Animal/194774,FSD50K,194774,,False
Animal_111018,Animal,Biological,Bird,Bird,"Bird, Wild animals, Animal",111018,Audio/Animal/111018,FSD50K,111018,,False
Animal_54063,Animal,Biological,Purr,Purr,"Purr, Cat, Domestic animals and pets, Animal",54063,Audio/Animal/54063,FSD50K,54063,,False
Animal_235824,Animal,Biological,Hiss,Hiss,Hiss,235824,Audio/Animal/235824,FSD50K,235824,,False
Animal_372527,Animal,Biological,Bark,Bark,"Bark, Dog, Domestic animals and pets, Animal",372527,Audio/Animal/372527,FSD50K,372527,,False
Animal_18232,Animal,Biological,Bird,Bird,"Bird, Wild animals, Animal",18232,Audio/Animal/18232,FSD50K,18232,,False
Animal_275697,Animal,Biological,Purr,Purr,"Purr, Cat, Domestic animals and pets, Animal",275697,Audio/Animal/275697,FSD50K,275697,,False
Animal_236047,Animal,Biological,Bark,Bark,"Bark, Dog, Domestic animals and pets, Animal",236047,Audio/Animal/236047,FSD50K,236047,,False
Animal_174902,Animal,Biological,Gull and seagull,Gull and seagull,"Gull and seagull, Bird, Wild animals, Animal",174902,Audio/Animal/174902,FSD50K,174902,,False
Animal_128705,Animal,Biological,Crow,Crow,"Crow, Bird, Wild animals, Animal",128705,Audio/Animal/128705,FSD50K,128705,,False
Animal_330963,Animal,Biological,Bird,Bird,"Bird, Wild animals, Animal",330963,Audio/Animal/330963,FSD50K,330963,,False
Animal_104671,Animal,Biological,Bird vocalization and bird call and bird song,Bird vocalization and bird call and bird song,"Bird vocalization and bird call and bird song, Bird, Wild animals, Animal",104671,Audio/Animal/104671,FSD50K,104671,,False
Animal_236187,Animal,Biological,Dog,Dog,"Dog, Domestic animals and pets, Animal",236187,Audio/Animal/236187,FSD50K,236187,,False
Animal_406814,Animal,Biological,Dog,Dog,"Dog, Domestic animals and pets, Animal",406814,Audio/Animal/406814,FSD50K,406814,,False
Animal_236159,Animal,Biological,Bark,Bark,"Bark, Dog, Domestic animals and pets, Animal",236159,Audio/Animal/236159,FSD50K,236159,,False
Animal_404533,Animal,Biological,Hiss,Hiss,Hiss,404533,Audio/Animal/404533,FSD50K,404533,,False
Animal_111008,Animal,Biological,Bird,Bird,"Bird, Wild animals, Animal",111008,Audio/Animal/111008,FSD50K,111008,,False
Animal_379251,Animal,Biological,Bird,Bird,"Bird, Wild animals, Animal",379251,Audio/Animal/379251,FSD50K,379251,,False
Animal_85163,Animal,Biological,Purr,Purr,"Purr, Cat, Domestic animals and pets, Animal",85163,Audio/Animal/85163,FSD50K,85163,,False
Animal_184880,Animal,Biological,Bark,Bark,"Bark, Walk and footsteps, Dog, Domestic animals and pets, Animal",184880,Audio/Animal/184880,FSD50K,184880,,False
Animal_75704,Animal,Biological,Door,Door,"Door, Dog, Domestic sounds and home sounds, Domestic animals and pets, Animal",75704,Audio/Animal/75704,FSD50K,75704,,False
Animal_268678,Animal,Biological,Bird,Bird,"Bird, Wild animals, Animal",268678,Audio/Animal/268678,FSD50K,268678,,False
Animal_74942,Animal,Biological,Insect,Insect,"Insect, Wild animals, Animal",74942,Audio/Animal/74942,FSD50K,74942,,False
Animal_174905,Animal,Biological,Gull and seagull,Gull and seagull,"Gull and seagull, Bird, Wild animals, Animal",174905,Audio/Animal/174905,FSD50K,174905,,False
Animal_51094,Animal,Biological,Chirp and tweet,Chirp and tweet,"Chirp and tweet, Bird, Wild animals, Animal, Bird vocalization and bird call and bird song",51094,Audio/Animal/51094,FSD50K,51094,,False
Animal_103047,Animal,Biological,Insect,Insect,"Insect, Wild animals, Animal",103047,Audio/Animal/103047,FSD50K,103047,,False
Animal_58498,Animal,Biological,Insect,Insect,"Insect, Wild animals, Animal",58498,Audio/Animal/58498,FSD50K,58498,,False
Animal_411837,Animal,Biological,Bird,Bird,"Bird, Fowl, Wild animals, Animal, Livestock and farm animals and working animals",411837,Audio/Animal/411837,FSD50K,411837,,False
Animal_410519,Animal,Biological,Bird,Bird,"Bird, Wild animals, Animal",410519,Audio/Animal/410519,FSD50K,410519,,False
Animal_342250,Animal,Biological,Bark,Bark,"Bark, Dog, Domestic animals and pets, Animal",342250,Audio/Animal/342250,FSD50K,342250,,False
Animal_236249,Animal,Biological,Bark,Bark,"Bark, Dog, Domestic animals and pets, Animal",236249,Audio/Animal/236249,FSD50K,236249,,False
Animal_96950,Animal,Biological,Crow,Crow,"Crow, Bird, Wild animals, Animal",96950,Audio/Animal/96950,FSD50K,96950,,False
Animal_155299,Animal,Biological,Motorcycle,Motorcycle,"Motorcycle, Dog, Domestic animals and pets, Animal, Motor vehicle (road), Vehicle",155299,Audio/Animal/155299,FSD50K,155299,,False
Animal_20570,Animal,Biological,Insect,Insect,"Insect, Wild animals, Animal",20570,Audio/Animal/20570,FSD50K,20570,,False
Animal_222039,Animal,Biological,Crow,Crow,"Crow, Bird, Wild animals, Animal",222039,Audio/Animal/222039,FSD50K,222039,,False
Animal_216204,Animal,Biological,Bird vocalization and bird call and bird song,Bird vocalization and bird call and bird song,"Bird vocalization and bird call and bird song, Bird, Wild animals, Animal",216204,Audio/Animal/216204,FSD50K,216204,,False
Animal_201725,Animal,Biological,Chirp and tweet,Chirp and tweet,"Chirp and tweet, Bird vocalization and bird call and bird song, Bird, Wild animals, Animal",201725,Audio/Animal/201725,FSD50K,201725,,False
Animal_277360,Animal,Biological,Hiss,Hiss,Hiss,277360,Audio/Animal/277360,FSD50K,277360,,False
Animal_371880,Animal,Biological,Cricket,Cricket,"Cricket, Insect, Chicken and rooster, Wild animals, Animal, Fowl, Livestock and farm animals and working animals",371880,Audio/Animal/371880,FSD50K,371880,,False
Animal_216203,Animal,Biological,Bird vocalization and bird call and bird song,Bird vocalization and bird call and bird song,"Bird vocalization and bird call and bird song, Bird, Wild animals, Animal",216203,Audio/Animal/216203,FSD50K,216203,,False
Animal_70954,Animal,Biological,Bird,Bird,"Bird, Train, Wild animals, Animal, Rail transport, Vehicle",70954,Audio/Animal/70954,FSD50K,70954,,False
Animal_405462,Animal,Biological,Bird,Bird,"Bird, Wild animals, Animal",405462,Audio/Animal/405462,FSD50K,405462,,False
Animal_37305,Animal,Biological,Purr,Purr,"Purr, Cat, Domestic animals and pets, Animal",37305,Audio/Animal/37305,FSD50K,37305,,False
Animal_155294,Animal,Biological,Dog,Dog,"Dog, Domestic animals and pets, Animal",155294,Audio/Animal/155294,FSD50K,155294,,False
Animal_168866,Animal,Biological,Bird,Bird,"Bird, Wild animals, Animal",168866,Audio/Animal/168866,FSD50K,168866,,False
Animal_56551,Animal,Biological,Bird vocalization and bird call and bird song,Bird vocalization and bird call and bird song,"Bird vocalization and bird call and bird song, Bird, Wild animals, Animal",56551,Audio/Animal/56551,FSD50K,56551,,False
Animal_397061,Animal,Biological,Bird vocalization and bird call and bird song,Bird vocalization and bird call and bird song,"Bird vocalization and bird call and bird song, Bird, Wild animals, Animal",397061,Audio/Animal/397061,FSD50K,397061,,False
Animal_129355,Animal,Biological,Bird,Bird,"Bird, Wild animals, Animal",129355,Audio/Animal/129355,FSD50K,129355,,False
Animal_241995,Animal,Biological,Insect,Insect,"Insect, Wild animals, Animal",241995,Audio/Animal/241995,FSD50K,241995,,False
Animal_236066,Animal,Biological,Bark,Bark,"Bark, Dog, Domestic animals and pets, Animal",236066,Audio/Animal/236066,FSD50K,236066,,False
Animal_236274,Animal,Biological,Bark,Bark,"Bark, Dog, Domestic animals and pets, Animal",236274,Audio/Animal/236274,FSD50K,236274,,False
Animal_352789,Animal,Biological,Cricket,Cricket,"Cricket, Insect, Wild animals, Animal",352789,Audio/Animal/352789,FSD50K,352789,,False
Animal_24018,Animal,Biological,Cat,Cat,"Cat, Domestic animals and pets, Animal",24018,Audio/Animal/24018,FSD50K,24018,,False
Animal_164913,Animal,Biological,Bird,Bird,"Bird, Wild animals, Animal",164913,Audio/Animal/164913,FSD50K,164913,,False
Animal_413544,Animal,Biological,Bark,Bark,"Bark, Dog, Domestic animals and pets, Animal",413544,Audio/Animal/413544,FSD50K,413544,,False
Animal_158630,Animal,Biological,Chirp and tweet,Chirp and tweet,"Chirp and tweet, Bird vocalization and bird call and bird song, Bird, Wild animals, Animal",158630,Audio/Animal/158630,FSD50K,158630,,False
Animal_236203,Animal,Biological,Bark,Bark,"Bark, Dog, Domestic animals and pets, Animal",236203,Audio/Animal/236203,FSD50K,236203,,False
Animal_34872,Animal,Biological,Bark,Bark,"Bark, Dog, Domestic animals and pets, Animal",34872,Audio/Animal/34872,FSD50K,34872,,False
Animal_95697,Animal,Biological,Meow,Meow,"Meow, Cat, Domestic animals and pets, Animal",95697,Audio/Animal/95697,FSD50K,95697,,False
Animal_236232,Animal,Biological,Bark,Bark,"Bark, Dog, Domestic animals and pets, Animal",236232,Audio/Animal/236232,FSD50K,236232,,False
Animal_105236,Animal,Biological,Buzz,Buzz,"Buzz, Insect, Wild animals, Animal",105236,Audio/Animal/105236,FSD50K,105236,,False
Animal_236244,Animal,Biological,Bark,Bark,"Bark, Dog, Domestic animals and pets, Animal",236244,Audio/Animal/236244,FSD50K,236244,,False
Animal_33256,Animal,Biological,Wind,Wind,"Wind, Bird vocalization and bird call and bird song, Bird, Wild animals, Animal",33256,Audio/Animal/33256,FSD50K,33256,,False
Animal_70169,Animal,Biological,Chirp and tweet,Chirp and tweet,"Chirp and tweet, Bird vocalization and bird call and bird song, Bird, Wild animals, Animal",70169,Audio/Animal/70169,FSD50K,70169,,False
Animal_270383,Animal,Biological,Growling,Growling,"Growling, Animal",270383,Audio/Animal/270383,FSD50K,270383,,False
Animal_390804,Animal,Biological,Bark,Bark,"Bark, Dog, Domestic animals and pets, Animal",390804,Audio/Animal/390804,FSD50K,390804,,False
Animal_75649,Animal,Biological,Gull and seagull,Gull and seagull,"Gull and seagull, Bird, Wild animals, Animal",75649,Audio/Animal/75649,FSD50K,75649,,False
Animal_236108,Animal,Biological,Bark,Bark,"Bark, Dog, Domestic animals and pets, Animal",236108,Audio/Animal/236108,FSD50K,236108,,False
Animal_155682,Animal,Biological,Bird,Bird,"Bird, Wild animals, Animal",155682,Audio/Animal/155682,FSD50K,155682,,False
Animal_268005,Animal,Biological,Bird vocalization and bird call and bird song,Bird vocalization and bird call and bird song,"Bird vocalization and bird call and bird song, Bird, Wild animals, Animal",268005,Audio/Animal/268005,FSD50K,268005,,False
Animal_163280,Animal,Biological,Dog,Dog,"Dog, Domestic animals and pets, Animal",163280,Audio/Animal/163280,FSD50K,163280,,False
Animal_392247,Animal,Biological,Meow,Meow,"Meow, Cat, Domestic animals and pets, Animal",392247,Audio/Animal/392247,FSD50K,392247,,False
Animal_332980,Animal,Biological,Meow,Meow,"Meow, Cat, Domestic animals and pets, Animal",332980,Audio/Animal/332980,FSD50K,332980,,False
Animal_58608,Animal,Biological,Cat,Cat,"Cat, Domestic animals and pets, Animal",58608,Audio/Animal/58608,FSD50K,58608,,False
Animal_265366,Animal,Biological,Toilet flush,Toilet flush,"Toilet flush, Hiss, Domestic sounds and home sounds",265366,Audio/Animal/265366,FSD50K,265366,,False
Animal_243682,Animal,Biological,Cricket,Cricket,"Cricket, Insect, Wild animals, Animal",243682,Audio/Animal/243682,FSD50K,243682,,False
Animal_418155,Animal,Biological,Bark,Bark,"Bark, Dog, Domestic animals and pets, Animal",418155,Audio/Animal/418155,FSD50K,418155,,False
Animal_236204,Animal,Biological,Bark,Bark,"Bark, Dog, Domestic animals and pets, Animal",236204,Audio/Animal/236204,FSD50K,236204,,False
Animal_194244,Animal,Biological,Cricket,Cricket,"Cricket, Insect, Wild animals, Animal",194244,Audio/Animal/194244,FSD50K,194244,,False
Animal_97892,Animal,Biological,Meow,Meow,"Meow, Cat, Domestic animals and pets, Animal",97892,Audio/Animal/97892,FSD50K,97892,,False
Animal_352226,Animal,Biological,Meow,Meow,"Meow, Cat, Domestic animals and pets, Animal",352226,Audio/Animal/352226,FSD50K,352226,,False
Animal_342254,Animal,Biological,Bird,Bird,"Bird, Wild animals, Animal",342254,Audio/Animal/342254,FSD50K,342254,,False
Animal_407538,Animal,Biological,Meow,Meow,"Meow, Cat, Domestic animals and pets, Animal",407538,Audio/Animal/407538,FSD50K,407538,,False
Animal_18051,Animal,Biological,Bird,Bird,"Bird, Wild animals, Animal",18051,Audio/Animal/18051,FSD50K,18051,,False
Animal_216208,Animal,Biological,Bird vocalization and bird call and bird song,Bird vocalization and bird call and bird song,"Bird vocalization and bird call and bird song, Bird, Wild animals, Animal",216208,Audio/Animal/216208,FSD50K,216208,,False
Animal_111014,Animal,Biological,Bird,Bird,"Bird, Wild animals, Animal",111014,Audio/Animal/111014,FSD50K,111014,,False
Animal_24642,Animal,Biological,Bird,Bird,"Bird, Wild animals, Animal",24642,Audio/Animal/24642,FSD50K,24642,,False
Animal_32244,Animal,Biological,Cricket,Cricket,"Cricket, Insect, Wild animals, Animal",32244,Audio/Animal/32244,FSD50K,32244,,False
Animal_98642,Animal,Biological,Bird vocalization and bird call and bird song,Bird vocalization and bird call and bird song,"Bird vocalization and bird call and bird song, Fowl, Bird, Wild animals, Animal, Livestock and farm animals and working animals",98642,Audio/Animal/98642,FSD50K,98642,,False
Animal_254340,Animal,Biological,Hiss,Hiss,Hiss,254340,Audio/Animal/254340,FSD50K,254340,,False
Animal_104932,Animal,Biological,Bird,Bird,"Bird, Wild animals, Animal",104932,Audio/Animal/104932,FSD50K,104932,,False
Animal_57656,Animal,Biological,Bird,Bird,"Bird, Wild animals, Animal",57656,Audio/Animal/57656,FSD50K,57656,,False
Animal_22758,Animal,Biological,Hiss,Hiss,Hiss,22758,Audio/Animal/22758,FSD50K,22758,,False
Animal_361899,Animal,Biological,Bird,Bird,"Bird, Wild animals, Animal",361899,Audio/Animal/361899,FSD50K,361899,,False
Animal_64009,Animal,Biological,Cat,Cat,"Cat, Domestic animals and pets, Animal",64009,Audio/Animal/64009,FSD50K,64009,,False
Animal_213144,Animal,Biological,Purr,Purr,"Purr, Cat, Domestic animals and pets, Animal",213144,Audio/Animal/213144,FSD50K,213144,,False
Nature_50053,Nature,Physical,Thunder,Thunder,"Thunder, Rain, Water, Thunderstorm",50053,Audio/Nature/50053,FSD50K,50053,,False
Nature_237519,Nature,Physical,Thunder,Thunder,"Thunder, Thunderstorm",237519,Audio/Nature/237519,FSD50K,237519,,False
Nature_85874,Nature,Physical,Drip,Drip,"Drip, Liquid",85874,Audio/Nature/85874,FSD50K,85874,,False
Nature_208848,Nature,Physical,Gull and seagull,Gull and seagull,"Gull and seagull, Wind, Bird, Wild animals, Animal",208848,Audio/Nature/208848,FSD50K,208848,,False
Nature_349489,Nature,Physical,Thunder,Thunder,"Thunder, Thunderstorm",349489,Audio/Nature/349489,FSD50K,349489,,False
Nature_106801,Nature,Physical,Wind,Wind,Wind,106801,Audio/Nature/106801,FSD50K,106801,,False
Nature_388572,Nature,Physical,Crackle,Crackle,Crackle,388572,Audio/Nature/388572,FSD50K,388572,,False
Nature_392668,Nature,Physical,Stream,Stream,"Stream, Trickle and dribble, Rain, Human voice, Water, Pour, Liquid",392668,Audio/Nature/392668,FSD50K,392668,,False
Nature_84673,Nature,Physical,Rain,Rain,"Rain, Water",84673,Audio/Nature/84673,FSD50K,84673,,False
Nature_248110,Nature,Physical,Thunder,Thunder,"Thunder, Rain, Water, Thunderstorm",248110,Audio/Nature/248110,FSD50K,248110,,False
Nature_34069,Nature,Physical,Rain,Rain,"Rain, Water",34069,Audio/Nature/34069,FSD50K,34069,,False
Nature_395207,Nature,Physical,Stream,Stream,"Stream, Cricket, Bird, Wild animals, Animal, Water, Insect",395207,Audio/Nature/395207,FSD50K,395207,,False
Nature_50368,Nature,Physical,Thunder,Thunder,"Thunder, Rain, Thunderstorm, Water",50368,Audio/Nature/50368,FSD50K,50368,,False
Nature_320166,Nature,Physical,Waves and surf,Waves and surf,"Waves and surf, Ocean, Water",320166,Audio/Nature/320166,FSD50K,320166,,False
Nature_209443,Nature,Physical,Wind,Wind,Wind,209443,Audio/Nature/209443,FSD50K,209443,,False
Nature_17059,Nature,Physical,Thunder,Thunder,"Thunder, Thunderstorm",17059,Audio/Nature/17059,FSD50K,17059,,False
Nature_190073,Nature,Physical,Crackle,Crackle,Crackle,190073,Audio/Nature/190073,FSD50K,190073,,False
Nature_196033,Nature,Physical,Thunder,Thunder,"Thunder, Thunderstorm",196033,Audio/Nature/196033,FSD50K,196033,,False
Nature_37352,Nature,Physical,Thunder,Thunder,"Thunder, Rain, Water, Thunderstorm",37352,Audio/Nature/37352,FSD50K,37352,,False
Nature_209028,Nature,Physical,Water,Water,Water,209028,Audio/Nature/209028,FSD50K,209028,,False
Nature_322503,Nature,Physical,Fire,Fire,"Fire, Boom, Explosion",322503,Audio/Nature/322503,FSD50K,322503,,False
Nature_371817,Nature,Physical,Sink (filling or washing),Sink (filling or washing),"Sink (filling or washing), Water, Domestic sounds and home sounds",371817,Audio/Nature/371817,FSD50K,371817,,False
Nature_398814,Nature,Physical,Crackle,Crackle,Crackle,398814,Audio/Nature/398814,FSD50K,398814,,False
Nature_410335,Nature,Physical,Raindrop,Raindrop,"Raindrop, Drip, Rain, Water, Liquid",410335,Audio/Nature/410335,FSD50K,410335,,False
Nature_251364,Nature,Physical,Fire,Fire,Fire,251364,Audio/Nature/251364,FSD50K,251364,,False
Nature_423399,Nature,Physical,Ocean,Ocean,"Ocean, Water",423399,Audio/Nature/423399,FSD50K,423399,,False
Nature_395463,Nature,Physical,Rain,Rain,"Rain, Bird vocalization and bird call and bird song, Water, Bird, Wild animals, Animal",395463,Audio/Nature/395463,FSD50K,395463,,False
Nature_22935,Nature,Physical,Thunder,Thunder,"Thunder, Rain, Water, Thunderstorm",22935,Audio/Nature/22935,FSD50K,22935,,False
Nature_176163,Nature,Physical,Rain,Rain,"Rain, Water",176163,Audio/Nature/176163,FSD50K,176163,,False
Nature_407024,Nature,Physical,Wind,Wind,Wind,407024,Audio/Nature/407024,FSD50K,407024,,False
Nature_274056,Nature,Physical,Drip,Drip,"Drip, Trickle and dribble, Liquid, Pour",274056,Audio/Nature/274056,FSD50K,274056,,False
Nature_195877,Nature,Physical,Cricket,Cricket,"Cricket, Waves and surf, Insect, Wild animals, Animal, Ocean, Water",195877,Audio/Nature/195877,FSD50K,195877,,False
Nature_233413,Nature,Physical,Water,Water,"Water, Splash and splatter, Liquid",233413,Audio/Nature/233413,FSD50K,233413,,False
Nature_219519,Nature,Physical,Crackle,Crackle,Crackle,219519,Audio/Nature/219519,FSD50K,219519,,False
Nature_161545,Nature,Physical,Rain,Rain,"Rain, Water",161545,Audio/Nature/161545,FSD50K,161545,,False
Nature_73272,Nature,Physical,Thunder,Thunder,"Thunder, Thunderstorm",73272,Audio/Nature/73272,FSD50K,73272,,False
Nature_265623,Nature,Physical,Explosion,Explosion,"Explosion, Fire",265623,Audio/Nature/265623,FSD50K,265623,,False
Nature_195985,Nature,Physical,Thunder,Thunder,"Thunder, Traffic noise and roadway noise, Rain, Insect, Water, Thunderstorm, Wild animals, Animal, Motor vehicle (road), Vehicle",195985,Audio/Nature/195985,FSD50K,195985,,False
Nature_16746,Nature,Physical,Raindrop,Raindrop,"Raindrop, Rain, Water",16746,Audio/Nature/16746,FSD50K,16746,,False
Nature_190101,Nature,Physical,Water,Water,"Water, Splash and splatter, Liquid",190101,Audio/Nature/190101,FSD50K,190101,,False
Nature_190672,Nature,Physical,Wind,Wind,Wind,190672,Audio/Nature/190672,FSD50K,190672,,False
Nature_238360,Nature,Physical,Walk and footsteps,Walk and footsteps,"Walk and footsteps, Waves and surf, Wind, Ocean, Water",238360,Audio/Nature/238360,FSD50K,238360,,False
Nature_187772,Nature,Physical,Thunder,Thunder,"Thunder, Thunderstorm",187772,Audio/Nature/187772,FSD50K,187772,,False
Nature_396890,Nature,Physical,Fire,Fire,Fire,396890,Audio/Nature/396890,FSD50K,396890,,False
Nature_398719,Nature,Physical,Water,Water,"Water, Splash and splatter, Liquid",398719,Audio/Nature/398719,FSD50K,398719,,False
Nature_368919,Nature,Physical,Ocean,Ocean,"Ocean, Water",368919,Audio/Nature/368919,FSD50K,368919,,False
Nature_236996,Nature,Physical,Thunder,Thunder,"Thunder, Thunderstorm",236996,Audio/Nature/236996,FSD50K,236996,,False
Nature_337477,Nature,Physical,Gurgling,Gurgling,"Gurgling, Liquid, Water",337477,Audio/Nature/337477,FSD50K,337477,,False
Nature_249809,Nature,Physical,Whoosh and swoosh and swish,Whoosh and swoosh and swish,"Whoosh and swoosh and swish, Fire",249809,Audio/Nature/249809,FSD50K,249809,,False
Nature_273987,Nature,Physical,Raindrop,Raindrop,"Raindrop, Drip, Rain, Water, Liquid",273987,Audio/Nature/273987,FSD50K,273987,,False
Nature_336415,Nature,Physical,Raindrop,Raindrop,"Raindrop, Drip, Rain, Water, Liquid",336415,Audio/Nature/336415,FSD50K,336415,,False
Nature_159686,Nature,Physical,Thunder,Thunder,"Thunder, Thunderstorm",159686,Audio/Nature/159686,FSD50K,159686,,False
Nature_123359,Nature,Physical,Thunder,Thunder,"Thunder, Thunderstorm",123359,Audio/Nature/123359,FSD50K,123359,,False
Nature_68324,Nature,Physical,Raindrop,Raindrop,"Raindrop, Rain, Water",68324,Audio/Nature/68324,FSD50K,68324,,False
Nature_399870,Nature,Physical,Thunder,Thunder,"Thunder, Rain, Thunderstorm, Water",399870,Audio/Nature/399870,FSD50K,399870,,False
Nature_348816,Nature,Physical,Water,Water,Water,348816,Audio/Nature/348816,FSD50K,348816,,False
Nature_181570,Nature,Physical,Fire,Fire,Fire,181570,Audio/Nature/181570,FSD50K,181570,,False
Nature_20438,Nature,Physical,Water,Water,"Water, Splash and splatter, Liquid",20438,Audio/Nature/20438,FSD50K,20438,,False
Nature_238798,Nature,Physical,Wind,Wind,Wind,238798,Audio/Nature/238798,FSD50K,238798,,False
Nature_214456,Nature,Physical,Fire,Fire,Fire,214456,Audio/Nature/214456,FSD50K,214456,,False
Nature_320483,Nature,Physical,Stream,Stream,"Stream, Water",320483,Audio/Nature/320483,FSD50K,320483,,False
Nature_268680,Nature,Physical,Fire,Fire,Fire,268680,Audio/Nature/268680,FSD50K,268680,,False
Nature_73268,Nature,Physical,Thunder,Thunder,"Thunder, Thunderstorm",73268,Audio/Nature/73268,FSD50K,73268,,False
Nature_165935,Nature,Physical,Rain,Rain,"Rain, Water",165935,Audio/Nature/165935,FSD50K,165935,,False
Nature_249508,Nature,Physical,Thunder,Thunder,"Thunder, Thunderstorm",249508,Audio/Nature/249508,FSD50K,249508,,False
Nature_240791,Nature,Physical,Thunder,Thunder,"Thunder, Thunderstorm",240791,Audio/Nature/240791,FSD50K,240791,,False
Nature_58251,Nature,Physical,Thunder,Thunder,"Thunder, Thunderstorm",58251,Audio/Nature/58251,FSD50K,58251,,False
Nature_145228,Nature,Physical,Stream,Stream,"Stream, Water",145228,Audio/Nature/145228,FSD50K,145228,,False
Nature_273997,Nature,Physical,Raindrop,Raindrop,"Raindrop, Drip, Rain, Water, Liquid",273997,Audio/Nature/273997,FSD50K,273997,,False
Nature_77588,Nature,Physical,Thunder,Thunder,"Thunder, Thunderstorm",77588,Audio/Nature/77588,FSD50K,77588,,False
Nature_245676,Nature,Physical,Waves and surf,Waves and surf,"Waves and surf, Ocean, Water",245676,Audio/Nature/245676,FSD50K,245676,,False
Nature_58273,Nature,Physical,Water,Water,Water,58273,Audio/Nature/58273,FSD50K,58273,,False
Nature_179903,Nature,Physical,Wind,Wind,"Wind, Boat and Water vehicle, Vehicle",179903,Audio/Nature/179903,FSD50K,179903,,False
Nature_401013,Nature,Physical,Rain,Rain,"Rain, Water",401013,Audio/Nature/401013,FSD50K,401013,,False
Nature_363935,Nature,Physical,Wind,Wind,Wind,363935,Audio/Nature/363935,FSD50K,363935,,False
Nature_94708,Nature,Physical,Fire,Fire,Fire,94708,Audio/Nature/94708,FSD50K,94708,,False
Nature_50364,Nature,Physical,Thunder,Thunder,"Thunder, Rain, Water, Thunderstorm",50364,Audio/Nature/50364,FSD50K,50364,,False
Nature_234093,Nature,Physical,Waves and surf,Waves and surf,"Waves and surf, Ocean, Water",234093,Audio/Nature/234093,FSD50K,234093,,False
Nature_75643,Nature,Physical,Wind,Wind,Wind,75643,Audio/Nature/75643,FSD50K,75643,,False
Nature_104670,Nature,Physical,Drip,Drip,"Drip, Trickle and dribble, Chink and clink, Domestic sounds and home sounds, Liquid, Pour, Glass",104670,Audio/Nature/104670,FSD50K,104670,,False
Nature_363937,Nature,Physical,Wind,Wind,Wind,363937,Audio/Nature/363937,FSD50K,363937,,False
Nature_243965,Nature,Physical,Thunder,Thunder,"Thunder, Thunderstorm",243965,Audio/Nature/243965,FSD50K,243965,,False
Nature_253610,Nature,Physical,Waves and surf,Waves and surf,"Waves and surf, Ocean, Water",253610,Audio/Nature/253610,FSD50K,253610,,False
Nature_56695,Nature,Physical,Waves and surf,Waves and surf,"Waves and surf, Ocean, Water",56695,Audio/Nature/56695,FSD50K,56695,,False
Nature_332114,Nature,Physical,Thunder,Thunder,"Thunder, Thunderstorm",332114,Audio/Nature/332114,FSD50K,332114,,False
Nature_50932,Nature,Physical,Stream,Stream,"Stream, Water",50932,Audio/Nature/50932,FSD50K,50932,,False
Nature_50789,Nature,Physical,Water,Water,"Water, Splash and splatter, Liquid",50789,Audio/Nature/50789,FSD50K,50789,,False
Nature_341333,Nature,Physical,Thunder,Thunder,"Thunder, Rain, Water, Thunderstorm",341333,Audio/Nature/341333,FSD50K,341333,,False
Nature_420293,Nature,Physical,Wind,Wind,Wind,420293,Audio/Nature/420293,FSD50K,420293,,False
Nature_30341,Nature,Physical,Raindrop,Raindrop,"Raindrop, Rain, Water",30341,Audio/Nature/30341,FSD50K,30341,,False
Nature_398345,Nature,Physical,Stream,Stream,"Stream, Splash and splatter, Water, Liquid",398345,Audio/Nature/398345,FSD50K,398345,,False
Nature_334925,Nature,Physical,Fire,Fire,Fire,334925,Audio/Nature/334925,FSD50K,334925,,False
Nature_238803,Nature,Physical,Wind,Wind,Wind,238803,Audio/Nature/238803,FSD50K,238803,,False
Nature_196343,Nature,Physical,Crackle,Crackle,Crackle,196343,Audio/Nature/196343,FSD50K,196343,,False
Nature_320481,Nature,Physical,Stream,Stream,"Stream, Water",320481,Audio/Nature/320481,FSD50K,320481,,False
Nature_368977,Nature,Physical,Water,Water,Water,368977,Audio/Nature/368977,FSD50K,368977,,False
Nature_78966,Nature,Physical,Wind,Wind,Wind,78966,Audio/Nature/78966,FSD50K,78966,,False
Nature_120352,Nature,Physical,Rain,Rain,"Rain, Water",120352,Audio/Nature/120352,FSD50K,120352,,False
Nature_359151,Nature,Physical,Thunder,Thunder,"Thunder, Rain, Water, Thunderstorm",359151,Audio/Nature/359151,FSD50K,359151,,False
Nature_434345,Nature,Physical,Stream,Stream,"Stream, Water",434345,Audio/Nature/434345,FSD50K,434345,,False
Nature_245683,Nature,Physical,Waves and surf,Waves and surf,"Waves and surf, Ocean, Water",245683,Audio/Nature/245683,FSD50K,245683,,False
Nature_399351,Nature,Physical,Ocean,Ocean,"Ocean, Water",399351,Audio/Nature/399351,FSD50K,399351,,False
Nature_85841,Nature,Physical,Fire,Fire,Fire,85841,Audio/Nature/85841,FSD50K,85841,,False
Nature_85883,Nature,Physical,Drip,Drip,"Drip, Liquid",85883,Audio/Nature/85883,FSD50K,85883,,False
Nature_274877,Nature,Physical,Rain,Rain,"Rain, Water",274877,Audio/Nature/274877,FSD50K,274877,,False
Nature_274001,Nature,Physical,Raindrop,Raindrop,"Raindrop, Drip, Rain, Water, Liquid",274001,Audio/Nature/274001,FSD50K,274001,,False
Nature_156329,Nature,Physical,Crackle,Crackle,Crackle,156329,Audio/Nature/156329,FSD50K,156329,,False
Nature_98855,Nature,Physical,Gurgling,Gurgling,"Gurgling, Water",98855,Audio/Nature/98855,FSD50K,98855,,False
Nature_73315,Nature,Physical,Rain,Rain,"Rain, Water",73315,Audio/Nature/73315,FSD50K,73315,,False
Nature_210044,Nature,Physical,Thunder,Thunder,"Thunder, Explosion, Thunderstorm",210044,Audio/Nature/210044,FSD50K,210044,,False
Nature_386433,Nature,Physical,Water,Water,"Water, Splash and splatter, Liquid",386433,Audio/Nature/386433,FSD50K,386433,,False
Nature_420296,Nature,Physical,Wind,Wind,Wind,420296,Audio/Nature/420296,FSD50K,420296,,False
Nature_22928,Nature,Physical,Thunder,Thunder,"Thunder, Rain, Water, Thunderstorm",22928,Audio/Nature/22928,FSD50K,22928,,False
Nature_258376,Nature,Physical,Waves and surf,Waves and surf,"Waves and surf, Ocean, Water",258376,Audio/Nature/258376,FSD50K,258376,,False
Nature_325559,Nature,Physical,Fire,Fire,Fire,325559,Audio/Nature/325559,FSD50K,325559,,False
Nature_245679,Nature,Physical,Stream,Stream,"Stream, Water",245679,Audio/Nature/245679,FSD50K,245679,,False
Nature_207572,Nature,Physical,Drip,Drip,"Drip, Liquid",207572,Audio/Nature/207572,FSD50K,207572,,False
Nature_423242,Nature,Physical,Water,Water,"Water, Splash and splatter, Liquid",423242,Audio/Nature/423242,FSD50K,423242,,False
Nature_424136,Nature,Physical,Thunder,Thunder,"Thunder, Rain, Thunderstorm, Water",424136,Audio/Nature/424136,FSD50K,424136,,False
Nature_274000,Nature,Physical,Raindrop,Raindrop,"Raindrop, Drip, Water tap and faucet, Rain, Water, Liquid, Domestic sounds and home sounds",274000,Audio/Nature/274000,FSD50K,274000,,False
Nature_199955,Nature,Physical,Thunder,Thunder,"Thunder, Wind, Thunderstorm",199955,Audio/Nature/199955,FSD50K,199955,,False
Nature_77592,Nature,Physical,Thunder,Thunder,"Thunder, Thunderstorm",77592,Audio/Nature/77592,FSD50K,77592,,False
Nature_338091,Nature,Physical,Thunder,Thunder,"Thunder, Thunderstorm",338091,Audio/Nature/338091,FSD50K,338091,,False
Nature_102698,Nature,Physical,Crackle,Crackle,Crackle,102698,Audio/Nature/102698,FSD50K,102698,,False
Nature_340218,Nature,Physical,Wind,Wind,"Wind, Rain, Water",340218,Audio/Nature/340218,FSD50K,340218,,False
Nature_174007,Nature,Physical,Fire,Fire,Fire,174007,Audio/Nature/174007,FSD50K,174007,,False
Nature_248116,Nature,Physical,Fire,Fire,Fire,248116,Audio/Nature/248116,FSD50K,248116,,False
Nature_50061,Nature,Physical,Rain,Rain,"Rain, Water",50061,Audio/Nature/50061,FSD50K,50061,,False
Nature_376797,Nature,Physical,Waves and surf,Waves and surf,"Waves and surf, Ocean, Water",376797,Audio/Nature/376797,FSD50K,376797,,False
Nature_394489,Nature,Physical,Rain,Rain,"Rain, Water",394489,Audio/Nature/394489,FSD50K,394489,,False
Nature_55060,Nature,Physical,Ocean,Ocean,"Ocean, Water",55060,Audio/Nature/55060,FSD50K,55060,,False
Nature_153331,Nature,Physical,Stream,Stream,"Stream, Water",153331,Audio/Nature/153331,FSD50K,153331,,False
Nature_398704,Nature,Physical,Water,Water,"Water, Splash and splatter, Liquid",398704,Audio/Nature/398704,FSD50K,398704,,False
Nature_216405,Nature,Physical,Stream,Stream,"Stream, Water",216405,Audio/Nature/216405,FSD50K,216405,,False
Nature_120699,Nature,Physical,Rain,Rain,"Rain, Water",120699,Audio/Nature/120699,FSD50K,120699,,False
Nature_144906,Nature,Physical,Fire,Fire,Fire,144906,Audio/Nature/144906,FSD50K,144906,,False
Nature_392980,Nature,Physical,Rain,Rain,"Rain, Water",392980,Audio/Nature/392980,FSD50K,392980,,False
Nature_365540,Nature,Physical,Toilet flush,Toilet flush,"Toilet flush, Water, Domestic sounds and home sounds",365540,Audio/Nature/365540,FSD50K,365540,,False
Nature_134831,Nature,Physical,Water,Water,Water,134831,Audio/Nature/134831,FSD50K,134831,,False
Nature_162894,Nature,Physical,Gurgling,Gurgling,"Gurgling, Liquid, Water",162894,Audio/Nature/162894,FSD50K,162894,,False
Nature_155833,Nature,Physical,Raindrop,Raindrop,"Raindrop, Thunder, Rain, Water, Thunderstorm",155833,Audio/Nature/155833,FSD50K,155833,,False
Nature_36270,Nature,Physical,Crackle,Crackle,Crackle,36270,Audio/Nature/36270,FSD50K,36270,,False
Nature_323398,Nature,Physical,Water,Water,Water,323398,Audio/Nature/323398,FSD50K,323398,,False
Nature_170750,Nature,Physical,Toilet flush,Toilet flush,"Toilet flush, Water, Domestic sounds and home sounds",170750,Audio/Nature/170750,FSD50K,170750,,False
Nature_48511,Nature,Physical,Thunder,Thunder,"Thunder, Thunderstorm",48511,Audio/Nature/48511,FSD50K,48511,,False
Nature_212146,Nature,Physical,Stream,Stream,"Stream, Water",212146,Audio/Nature/212146,FSD50K,212146,,False
Nature_186540,Nature,Physical,Fire,Fire,Fire,186540,Audio/Nature/186540,FSD50K,186540,,False
Nature_270440,Nature,Physical,Drip,Drip,"Drip, Liquid",270440,Audio/Nature/270440,FSD50K,270440,,False
Nature_360638,Nature,Physical,Rain,Rain,"Rain, Water",360638,Audio/Nature/360638,FSD50K,360638,,False
Nature_339449,Nature,Physical,Crackle,Crackle,Crackle,339449,Audio/Nature/339449,FSD50K,339449,,False
Nature_158987,Nature,Physical,Thunder,Thunder,"Thunder, Rain, Water, Thunderstorm",158987,Audio/Nature/158987,FSD50K,158987,,False
Nature_426208,Nature,Physical,Whoosh and swoosh and swish,Whoosh and swoosh and swish,"Whoosh and swoosh and swish, Fire",426208,Audio/Nature/426208,FSD50K,426208,,False
Nature_156334,Nature,Physical,Crackle,Crackle,Crackle,156334,Audio/Nature/156334,FSD50K,156334,,False
Nature_166707,Nature,Physical,Gull and seagull,Gull and seagull,"Gull and seagull, Wind, Bird, Wild animals, Animal",166707,Audio/Nature/166707,FSD50K,166707,,False
Nature_179905,Nature,Physical,Wind,Wind,"Wind, Boat and Water vehicle, Vehicle",179905,Audio/Nature/179905,FSD50K,179905,,False
Nature_376841,Nature,Physical,Fire,Fire,Fire,376841,Audio/Nature/376841,FSD50K,376841,,False
Nature_9332,Nature,Physical,Waves and surf,Waves and surf,"Waves and surf, Ocean, Water",9332,Audio/Nature/9332,FSD50K,9332,,False
Nature_85834,Nature,Physical,Fire,Fire,Fire,85834,Audio/Nature/85834,FSD50K,85834,,False
Nature_101676,Nature,Physical,Rain,Rain,"Rain, Water",101676,Audio/Nature/101676,FSD50K,101676,,False
Nature_398718,Nature,Physical,Water,Water,"Water, Splash and splatter, Liquid",398718,Audio/Nature/398718,FSD50K,398718,,False
Nature_146008,Nature,Physical,Stream,Stream,"Stream, Water",146008,Audio/Nature/146008,FSD50K,146008,,False
Nature_116090,Nature,Physical,Stream,Stream,"Stream, Water",116090,Audio/Nature/116090,FSD50K,116090,,False
Nature_331702,Nature,Physical,Stream,Stream,"Stream, Water",331702,Audio/Nature/331702,FSD50K,331702,,False
Nature_151199,Nature,Physical,Thunder,Thunder,"Thunder, Thunderstorm",151199,Audio/Nature/151199,FSD50K,151199,,False
Nature_191234,Nature,Physical,Stream,Stream,"Stream, Water",191234,Audio/Nature/191234,FSD50K,191234,,False
Nature_324694,Nature,Physical,Hiss,Hiss,"Hiss, Fire",324694,Audio/Nature/324694,FSD50K,324694,,False
Nature_128093,Nature,Physical,Ocean,Ocean,"Ocean, Water",128093,Audio/Nature/128093,FSD50K,128093,,False
Nature_339900,Nature,Physical,Rain,Rain,"Rain, Water",339900,Audio/Nature/339900,FSD50K,339900,,False
Nature_238791,Nature,Physical,Thunder,Thunder,"Thunder, Thunderstorm",238791,Audio/Nature/238791,FSD50K,238791,,False
Nature_268658,Nature,Physical,Water,Water,Water,268658,Audio/Nature/268658,FSD50K,268658,,False
Nature_75982,Nature,Physical,Ocean,Ocean,"Ocean, Boat and Water vehicle, Water, Vehicle",75982,Audio/Nature/75982,FSD50K,75982,,False
Nature_194914,Nature,Physical,Water,Water,"Water, Splash and splatter, Liquid",194914,Audio/Nature/194914,FSD50K,194914,,False
Nature_193299,Nature,Physical,Fire,Fire,Fire,193299,Audio/Nature/193299,FSD50K,193299,,False
Nature_256862,Nature,Physical,Wind,Wind,Wind,256862,Audio/Nature/256862,FSD50K,256862,,False
Nature_199757,Nature,Physical,Thunder,Thunder,"Thunder, Thunderstorm",199757,Audio/Nature/199757,FSD50K,199757,,False
Nature_58416,Nature,Physical,Waves and surf,Waves and surf,"Waves and surf, Ocean, Water",58416,Audio/Nature/58416,FSD50K,58416,,False
Nature_209925,Nature,Physical,Stream,Stream,"Stream, Water",209925,Audio/Nature/209925,FSD50K,209925,,False
Nature_28314,Nature,Physical,Fire,Fire,Fire,28314,Audio/Nature/28314,FSD50K,28314,,False
Nature_147182,Nature,Physical,Ocean,Ocean,"Ocean, Water",147182,Audio/Nature/147182,FSD50K,147182,,False
Nature_127978,Nature,Physical,Thunder,Thunder,"Thunder, Thunderstorm",127978,Audio/Nature/127978,FSD50K,127978,,False
Nature_323396,Nature,Physical,Water,Water,Water,323396,Audio/Nature/323396,FSD50K,323396,,False
Nature_96728,Nature,Physical,Rain,Rain,"Rain, Water",96728,Audio/Nature/96728,FSD50K,96728,,False
Nature_237259,Nature,Physical,Drip,Drip,"Drip, Liquid",237259,Audio/Nature/237259,FSD50K,237259,,False
Nature_36271,Nature,Physical,Crackle,Crackle,Crackle,36271,Audio/Nature/36271,FSD50K,36271,,False
Nature_395417,Nature,Physical,Stream,Stream,"Stream, Trickle and dribble, Water, Pour, Liquid",395417,Audio/Nature/395417,FSD50K,395417,,False
Nature_77370,Nature,Physical,Thunder,Thunder,"Thunder, Thunderstorm",77370,Audio/Nature/77370,FSD50K,77370,,False
Nature_388970,Nature,Physical,Ocean,Ocean,"Ocean, Water",388970,Audio/Nature/388970,FSD50K,388970,,False
Nature_233417,Nature,Physical,Water,Water,"Water, Splash and splatter, Liquid",233417,Audio/Nature/233417,FSD50K,233417,,False
Nature_29678,Nature,Physical,Fire,Fire,Fire,29678,Audio/Nature/29678,FSD50K,29678,,False
Nature_152983,Nature,Physical,Wind,Wind,Wind,152983,Audio/Nature/152983,FSD50K,152983,,False
Nature_259180,Nature,Physical,Drip,Drip,"Drip, Liquid",259180,Audio/Nature/259180,FSD50K,259180,,False
Nature_176016,Nature,Physical,Fire,Fire,Fire,176016,Audio/Nature/176016,FSD50K,176016,,False
Nature_189556,Nature,Physical,Rain,Rain,"Rain, Water",189556,Audio/Nature/189556,FSD50K,189556,,False
Nature_124128,Nature,Physical,Thunder,Thunder,"Thunder, Thunderstorm",124128,Audio/Nature/124128,FSD50K,124128,,False
Nature_269008,Nature,Physical,Water,Water,"Water, Splash and splatter, Liquid",269008,Audio/Nature/269008,FSD50K,269008,,False
Nature_394934,Nature,Physical,Rain,Rain,"Rain, Water",394934,Audio/Nature/394934,FSD50K,394934,,False
Nature_323781,Nature,Physical,Waves and surf,Waves and surf,"Waves and surf, Ocean, Water",323781,Audio/Nature/323781,FSD50K,323781,,False
Nature_198319,Nature,Physical,Drip,Drip,"Drip, Sink (filling or washing), Water tap and faucet, Gurgling, Liquid, Domestic sounds and home sounds, Water",198319,Audio/Nature/198319,FSD50K,198319,,False
Nature_250725,Nature,Physical,Wind,Wind,Wind,250725,Audio/Nature/250725,FSD50K,250725,,False
Nature_328173,Nature,Physical,Water,Water,Water,328173,Audio/Nature/328173,FSD50K,328173,,False
Nature_209582,Nature,Physical,Crackle,Crackle,Crackle,209582,Audio/Nature/209582,FSD50K,209582,,False
Nature_234528,Nature,Physical,Raindrop,Raindrop,"Raindrop, Rain, Water",234528,Audio/Nature/234528,FSD50K,234528,,False
Nature_196326,Nature,Physical,Crackle,Crackle,Crackle,196326,Audio/Nature/196326,FSD50K,196326,,False
Nature_215707,Nature,Physical,Stream,Stream,"Stream, Water",215707,Audio/Nature/215707,FSD50K,215707,,False
Nature_427551,Nature,Physical,Thunder,Thunder,"Thunder, Thunderstorm",427551,Audio/Nature/427551,FSD50K,427551,,False
Nature_94251,Nature,Physical,Crackle,Crackle,Crackle,94251,Audio/Nature/94251,FSD50K,94251,,False
Nature_48495,Nature,Physical,Thunder,Thunder,"Thunder, Thunderstorm",48495,Audio/Nature/48495,FSD50K,48495,,False
Nature_242015,Nature,Physical,Thunder,Thunder,"Thunder, Thunderstorm",242015,Audio/Nature/242015,FSD50K,242015,,False
Nature_74470,Nature,Physical,Thunder,Thunder,"Thunder, Thunderstorm",74470,Audio/Nature/74470,FSD50K,74470,,False
Nature_195738,Nature,Physical,Thunder,Thunder,"Thunder, Thunderstorm",195738,Audio/Nature/195738,FSD50K,195738,,False
Nature_164469,Nature,Physical,Crackle,Crackle,Crackle,164469,Audio/Nature/164469,FSD50K,164469,,False
Nature_123360,Nature,Physical,Thunder,Thunder,"Thunder, Thunderstorm",123360,Audio/Nature/123360,FSD50K,123360,,False
Nature_199752,Nature,Physical,Rain,Rain,"Rain, Water",199752,Audio/Nature/199752,FSD50K,199752,,False
Nature_219373,Nature,Physical,Drip,Drip,"Drip, Water tap and faucet, Liquid, Domestic sounds and home sounds",219373,Audio/Nature/219373,FSD50K,219373,,False
Nature_45650,Nature,Physical,Fire,Fire,Fire,45650,Audio/Nature/45650,FSD50K,45650,,False
Nature_336404,Nature,Physical,Raindrop,Raindrop,"Raindrop, Drip, Rain, Water, Liquid",336404,Audio/Nature/336404,FSD50K,336404,,False
Nature_367754,Nature,Physical,Fire,Fire,Fire,367754,Audio/Nature/367754,FSD50K,367754,,False
Nature_265369,Nature,Physical,Drip,Drip,"Drip, Trickle and dribble, Sink (filling or washing), Water tap and faucet, Liquid, Pour, Domestic sounds and home sounds",265369,Audio/Nature/265369,FSD50K,265369,,False
Nature_326026,Nature,Physical,Waves and surf,Waves and surf,"Waves and surf, Ocean, Water",326026,Audio/Nature/326026,FSD50K,326026,,False
Nature_273988,Nature,Physical,Raindrop,Raindrop,"Raindrop, Rain, Water",273988,Audio/Nature/273988,FSD50K,273988,,False
Urban_61838,Urban,Anthropogenic,Sawing,Sawing,"Sawing, Tools",61838,Audio/Urban/61838,FSD50K,61838,,False
Urban_236324,Urban,Anthropogenic,Drill,Drill,"Drill, Power tool, Tools",236324,Audio/Urban/236324,FSD50K,236324,,False
Urban_175416,Urban,Anthropogenic,Telephone,Telephone,"Telephone, Alarm",175416,Audio/Urban/175416,FSD50K,175416,,False
Urban_275164,Urban,Anthropogenic,Car passing by,Car passing by,"Car passing by, Engine, Car, Motor vehicle (road), Vehicle",275164,Audio/Urban/275164,FSD50K,275164,,False
Urban_426817,Urban,Anthropogenic,Idling,Idling,"Idling, Engine",426817,Audio/Urban/426817,FSD50K,426817,,False
Urban_100856,Urban,Anthropogenic,Bus,Bus,"Bus, Motor vehicle (road), Vehicle",100856,Audio/Urban/100856,FSD50K,100856,,False
Urban_337656,Urban,Anthropogenic,Telephone,Telephone,"Telephone, Alarm",337656,Audio/Urban/337656,FSD50K,337656,,False
Urban_237152,Urban,Anthropogenic,Bus,Bus,"Bus, Motor vehicle (road), Vehicle",237152,Audio/Urban/237152,FSD50K,237152,,False
Urban_234175,Urban,Anthropogenic,Squeak,Squeak,Squeak,234175,Audio/Urban/234175,FSD50K,234175,,False
Urban_118972,Urban,Anthropogenic,Sawing,Sawing,"Sawing, Engine, Tools",118972,Audio/Urban/118972,FSD50K,118972,,False
Urban_170248,Urban,Anthropogenic,Engine,Engine,Engine,170248,Audio/Urban/170248,FSD50K,170248,,False
Urban_68660,Urban,Anthropogenic,Car passing by,Car passing by,"Car passing by, Car, Motor vehicle (road), Vehicle",68660,Audio/Urban/68660,FSD50K,68660,,False
Urban_212534,Urban,Anthropogenic,Telephone,Telephone,"Telephone, Alarm",212534,Audio/Urban/212534,FSD50K,212534,,False
Urban_178355,Urban,Anthropogenic,Telephone,Telephone,"Telephone, Alarm",178355,Audio/Urban/178355,FSD50K,178355,,False
Urban_316558,Urban,Anthropogenic,Squeak,Squeak,"Squeak, Door, Domestic sounds and home sounds",316558,Audio/Urban/316558,FSD50K,316558,,False
Urban_75828,Urban,Anthropogenic,Telephone,Telephone,"Telephone, Alarm",75828,Audio/Urban/75828,FSD50K,75828,,False
Urban_433860,Urban,Anthropogenic,Engine,Engine,Engine,433860,Audio/Urban/433860,FSD50K,433860,,False
Urban_159755,Urban,Anthropogenic,Motor vehicle (road),Motor vehicle (road),"Motor vehicle (road), Siren, Vehicle, Alarm",159755,Audio/Urban/159755,FSD50K,159755,,False
Urban_18066,Urban,Anthropogenic,Squeak,Squeak,Squeak,18066,Audio/Urban/18066,FSD50K,18066,,False
Urban_262203,Urban,Anthropogenic,Engine starting,Engine starting,"Engine starting, Car, Motor vehicle (road), Vehicle, Engine",262203,Audio/Urban/262203,FSD50K,262203,,False
Urban_425526,Urban,Anthropogenic,Car passing by,Car passing by,"Car passing by, Engine, Truck, Motor vehicle (road), Vehicle, Car",425526,Audio/Urban/425526,FSD50K,425526,,False
Urban_176904,Urban,Anthropogenic,Engine,Engine,Engine,176904,Audio/Urban/176904,FSD50K,176904,,False
Urban_280204,Urban,Anthropogenic,Car passing by,Car passing by,"Car passing by, Traffic noise and roadway noise, Engine, Car, Motor vehicle (road), Vehicle",280204,Audio/Urban/280204,FSD50K,280204,,False
Urban_166265,Urban,Anthropogenic,Bus,Bus,"Bus, Motor vehicle (road), Vehicle",166265,Audio/Urban/166265,FSD50K,166265,,False
Urban_379373,Urban,Anthropogenic,Bus,Bus,"Bus, Alarm, Motor vehicle (road), Vehicle",379373,Audio/Urban/379373,FSD50K,379373,,False
Urban_401330,Urban,Anthropogenic,Engine starting,Engine starting,"Engine starting, Engine",401330,Audio/Urban/401330,FSD50K,401330,,False
Urban_339703,Urban,Anthropogenic,Race car and auto racing,Race car and auto racing,"Race car and auto racing, Accelerating and revving and vroom, Car, Motor vehicle (road), Vehicle, Engine",339703,Audio/Urban/339703,FSD50K,339703,,False
Urban_145541,Urban,Anthropogenic,Motorcycle,Motorcycle,"Motorcycle, Motor vehicle (road), Vehicle",145541,Audio/Urban/145541,FSD50K,145541,,False
Urban_379379,Urban,Anthropogenic,Bus,Bus,"Bus, Motor vehicle (road), Vehicle",379379,Audio/Urban/379379,FSD50K,379379,,False
Urban_109828,Urban,Anthropogenic,Squeak,Squeak,Squeak,109828,Audio/Urban/109828,FSD50K,109828,,False
Urban_215820,Urban,Anthropogenic,Telephone,Telephone,"Telephone, Alarm",215820,Audio/Urban/215820,FSD50K,215820,,False
Urban_79284,Urban,Anthropogenic,Sawing,Sawing,"Sawing, Tools",79284,Audio/Urban/79284,FSD50K,79284,,False
Urban_163331,Urban,Anthropogenic,Bus,Bus,"Bus, Motor vehicle (road), Vehicle",163331,Audio/Urban/163331,FSD50K,163331,,False
Urban_74474,Urban,Anthropogenic,Alarm,Alarm,Alarm,74474,Audio/Urban/74474,FSD50K,74474,,False
Urban_253314,Urban,Anthropogenic,Alarm,Alarm,Alarm,253314,Audio/Urban/253314,FSD50K,253314,,False
Urban_258138,Urban,Anthropogenic,Squeak,Squeak,"Squeak, Trickle and dribble, Sink (filling or washing), Pour, Liquid, Domestic sounds and home sounds",258138,Audio/Urban/258138,FSD50K,258138,,False
Urban_256458,Urban,Anthropogenic,Typing,Typing,"Typing, Domestic sounds and home sounds",256458,Audio/Urban/256458,FSD50K,256458,,False
Urban_165167,Urban,Anthropogenic,Truck,Truck,"Truck, Motor vehicle (road), Vehicle",165167,Audio/Urban/165167,FSD50K,165167,,False
Urban_186022,Urban,Anthropogenic,Telephone,Telephone,"Telephone, Alarm",186022,Audio/Urban/186022,FSD50K,186022,,False
Urban_339136,Urban,Anthropogenic,Race car and auto racing,Race car and auto racing,"Race car and auto racing, Accelerating and revving and vroom, Car, Motor vehicle (road), Vehicle, Engine",339136,Audio/Urban/339136,FSD50K,339136,,False
Urban_148297,Urban,Anthropogenic,Alarm,Alarm,Alarm,148297,Audio/Urban/148297,FSD50K,148297,,False
Urban_151876,Urban,Anthropogenic,Accelerating and revving and vroom,Accelerating and revving and vroom,"Accelerating and revving and vroom, Motor vehicle (road), Vehicle, Engine",151876,Audio/Urban/151876,FSD50K,151876,,False
Urban_254907,Urban,Anthropogenic,Vehicle horn and car horn and honking,Vehicle horn and car horn and honking,"Vehicle horn and car horn and honking, Car, Motor vehicle (road), Vehicle, Alarm",254907,Audio/Urban/254907,FSD50K,254907,,False
Urban_364116,Urban,Anthropogenic,Computer keyboard,Computer keyboard,"Computer keyboard, Typing, Domestic sounds and home sounds",364116,Audio/Urban/364116,FSD50K,364116,,False
Urban_34280,Urban,Anthropogenic,Motor vehicle (road),Motor vehicle (road),"Motor vehicle (road), Siren, Vehicle, Alarm",34280,Audio/Urban/34280,FSD50K,34280,,False
Urban_87600,Urban,Anthropogenic,Truck,Truck,"Truck, Motor vehicle (road), Vehicle",87600,Audio/Urban/87600,FSD50K,87600,,False
Urban_78967,Urban,Anthropogenic,Bicycle,Bicycle,"Bicycle, Vehicle",78967,Audio/Urban/78967,FSD50K,78967,,False
Urban_113338,Urban,Anthropogenic,Bus,Bus,"Bus, Motor vehicle (road), Vehicle",113338,Audio/Urban/113338,FSD50K,113338,,False
Urban_195456,Urban,Anthropogenic,Engine starting,Engine starting,"Engine starting, Engine",195456,Audio/Urban/195456,FSD50K,195456,,False
Urban_425383,Urban,Anthropogenic,Car passing by,Car passing by,"Car passing by, Accelerating and revving and vroom, Car, Motor vehicle (road), Vehicle, Engine",425383,Audio/Urban/425383,FSD50K,425383,,False
Urban_77658,Urban,Anthropogenic,Race car and auto racing,Race car and auto racing,"Race car and auto racing, Car, Motor vehicle (road), Vehicle",77658,Audio/Urban/77658,FSD50K,77658,,False
Urban_197166,Urban,Anthropogenic,Truck,Truck,"Truck, Motor vehicle (road), Vehicle",197166,Audio/Urban/197166,FSD50K,197166,,False
Urban_394945,Urban,Anthropogenic,Computer keyboard,Computer keyboard,"Computer keyboard, Typing, Domestic sounds and home sounds",394945,Audio/Urban/394945,FSD50K,394945,,False
Urban_237323,Urban,Anthropogenic,Sawing,Sawing,"Sawing, Tools",237323,Audio/Urban/237323,FSD50K,237323,,False
Urban_143970,Urban,Anthropogenic,Idling,Idling,"Idling, Engine starting, Car, Motor vehicle (road), Vehicle, Engine",143970,Audio/Urban/143970,FSD50K,143970,,False
Urban_51747,Urban,Anthropogenic,Alarm,Alarm,"Alarm, Car, Motor vehicle (road), Vehicle",51747,Audio/Urban/51747,FSD50K,51747,,False
Urban_43159,Urban,Anthropogenic,Idling,Idling,"Idling, Race car and auto racing, Accelerating and revving and vroom, Engine, Car, Motor vehicle (road), Vehicle",43159,Audio/Urban/43159,FSD50K,43159,,False
Urban_370318,Urban,Anthropogenic,Engine,Engine,"Engine, Car, Motor vehicle (road), Vehicle",370318,Audio/Urban/370318,FSD50K,370318,,False
Urban_397159,Urban,Anthropogenic,Telephone,Telephone,"Telephone, Alarm",397159,Audio/Urban/397159,FSD50K,397159,,False
Urban_340670,Urban,Anthropogenic,Engine,Engine,Engine,340670,Audio/Urban/340670,FSD50K,340670,,False
Urban_265977,Urban,Anthropogenic,Alarm,Alarm,Alarm,265977,Audio/Urban/265977,FSD50K,265977,,False
Urban_70166,Urban,Anthropogenic,Engine,Engine,Engine,70166,Audio/Urban/70166,FSD50K,70166,,False
Urban_321073,Urban,Anthropogenic,Motorcycle,Motorcycle,"Motorcycle, Motor vehicle (road), Vehicle",321073,Audio/Urban/321073,FSD50K,321073,,False
Urban_396137,Urban,Anthropogenic,Alarm,Alarm,"Alarm, Car, Motor vehicle (road), Vehicle",396137,Audio/Urban/396137,FSD50K,396137,,False
Urban_256436,Urban,Anthropogenic,Typing,Typing,"Typing, Domestic sounds and home sounds",256436,Audio/Urban/256436,FSD50K,256436,,False
Urban_329896,Urban,Anthropogenic,Alarm,Alarm,Alarm,329896,Audio/Urban/329896,FSD50K,329896,,False
Urban_402858,Urban,Anthropogenic,Typing,Typing,"Typing, Domestic sounds and home sounds",402858,Audio/Urban/402858,FSD50K,402858,,False
Urban_425860,Urban,Anthropogenic,Car passing by,Car passing by,"Car passing by, Idling, Car, Motor vehicle (road), Vehicle, Engine",425860,Audio/Urban/425860,FSD50K,425860,,False
Urban_136,Urban,Anthropogenic,Typing,Typing,"Typing, Domestic sounds and home sounds",136,Audio/Urban/136,FSD50K,136,,False
Urban_103183,Urban,Anthropogenic,Truck,Truck,"Truck, Motor vehicle (road), Vehicle",103183,Audio/Urban/103183,FSD50K,103183,,False
Urban_204404,Urban,Anthropogenic,Sawing,Sawing,"Sawing, Tools",204404,Audio/Urban/204404,FSD50K,204404,,False
Urban_389775,Urban,Anthropogenic,Alarm,Alarm,Alarm,389775,Audio/Urban/389775,FSD50K,389775,,False
Urban_87604,Urban,Anthropogenic,Telephone,Telephone,"Telephone, Alarm",87604,Audio/Urban/87604,FSD50K,87604,,False
Urban_431840,Urban,Anthropogenic,Car,Car,"Car, Motor vehicle (road), Vehicle",431840,Audio/Urban/431840,FSD50K,431840,,False
Urban_327525,Urban,Anthropogenic,Engine,Engine,"Engine, Mechanisms",327525,Audio/Urban/327525,FSD50K,327525,,False
Urban_364840,Urban,Anthropogenic,Accelerating and revving and vroom,Accelerating and revving and vroom,"Accelerating and revving and vroom, Motor vehicle (road), Vehicle, Engine",364840,Audio/Urban/364840,FSD50K,364840,,False
Urban_430237,Urban,Anthropogenic,Car,Car,"Car, Motor vehicle (road), Vehicle",430237,Audio/Urban/430237,FSD50K,430237,,False
Urban_387930,Urban,Anthropogenic,Computer keyboard,Computer keyboard,"Computer keyboard, Typing, Domestic sounds and home sounds",387930,Audio/Urban/387930,FSD50K,387930,,False
Urban_125616,Urban,Anthropogenic,Squeak,Squeak,Squeak,125616,Audio/Urban/125616,FSD50K,125616,,False
Urban_113343,Urban,Anthropogenic,Bus,Bus,"Bus, Motor vehicle (road), Vehicle",113343,Audio/Urban/113343,FSD50K,113343,,False
Urban_205505,Urban,Anthropogenic,Car,Car,"Car, Motor vehicle (road), Vehicle",205505,Audio/Urban/205505,FSD50K,205505,,False
Urban_398121,Urban,Anthropogenic,Motorcycle,Motorcycle,"Motorcycle, Motor vehicle (road), Vehicle",398121,Audio/Urban/398121,FSD50K,398121,,False
Urban_324675,Urban,Anthropogenic,Car,Car,"Car, Motor vehicle (road), Vehicle",324675,Audio/Urban/324675,FSD50K,324675,,False
Urban_145084,Urban,Anthropogenic,Engine,Engine,Engine,145084,Audio/Urban/145084,FSD50K,145084,,False
Urban_276608,Urban,Anthropogenic,Ringtone,Ringtone,"Ringtone, Telephone, Alarm",276608,Audio/Urban/276608,FSD50K,276608,,False
Urban_179868,Urban,Anthropogenic,Vehicle horn and car horn and honking,Vehicle horn and car horn and honking,"Vehicle horn and car horn and honking, Car, Motor vehicle (road), Vehicle, Alarm",179868,Audio/Urban/179868,FSD50K,179868,,False
Urban_79015,Urban,Anthropogenic,Bicycle,Bicycle,"Bicycle, Vehicle",79015,Audio/Urban/79015,FSD50K,79015,,False
Urban_350360,Urban,Anthropogenic,Computer keyboard,Computer keyboard,"Computer keyboard, Typing, Domestic sounds and home sounds",350360,Audio/Urban/350360,FSD50K,350360,,False
Urban_58260,Urban,Anthropogenic,Race car and auto racing,Race car and auto racing,"Race car and auto racing, Car, Motor vehicle (road), Vehicle",58260,Audio/Urban/58260,FSD50K,58260,,False
Urban_3182,Urban,Anthropogenic,Car passing by,Car passing by,"Car passing by, Traffic noise and roadway noise, Car, Motor vehicle (road), Vehicle",3182,Audio/Urban/3182,FSD50K,3182,,False
Urban_51128,Urban,Anthropogenic,Engine,Engine,Engine,51128,Audio/Urban/51128,FSD50K,51128,,False
Urban_352684,Urban,Anthropogenic,Car,Car,"Car, Motor vehicle (road), Vehicle",352684,Audio/Urban/352684,FSD50K,352684,,False
Urban_15657,Urban,Anthropogenic,Motorcycle,Motorcycle,"Motorcycle, Human voice, Motor vehicle (road), Vehicle",15657,Audio/Urban/15657,FSD50K,15657,,False
Urban_393524,Urban,Anthropogenic,Alarm,Alarm,Alarm,393524,Audio/Urban/393524,FSD50K,393524,,False
Urban_89567,Urban,Anthropogenic,Race car and auto racing,Race car and auto racing,"Race car and auto racing, Car, Motor vehicle (road), Vehicle",89567,Audio/Urban/89567,FSD50K,89567,,False
Urban_340652,Urban,Anthropogenic,Accelerating and revving and vroom,Accelerating and revving and vroom,"Accelerating and revving and vroom, Engine",340652,Audio/Urban/340652,FSD50K,340652,,False
Urban_162828,Urban,Anthropogenic,Bus,Bus,"Bus, Motor vehicle (road), Vehicle",162828,Audio/Urban/162828,FSD50K,162828,,False
Urban_25821,Urban,Anthropogenic,Telephone,Telephone,"Telephone, Alarm",25821,Audio/Urban/25821,FSD50K,25821,,False
Urban_254186,Urban,Anthropogenic,Telephone,Telephone,"Telephone, Alarm",254186,Audio/Urban/254186,FSD50K,254186,,False
Urban_26177,Urban,Anthropogenic,Traffic noise and roadway noise,Traffic noise and roadway noise,"Traffic noise and roadway noise, Vehicle horn and car horn and honking, Car, Motor vehicle (road), Vehicle, Alarm",26177,Audio/Urban/26177,FSD50K,26177,,False
Urban_152956,Urban,Anthropogenic,Computer keyboard,Computer keyboard,"Computer keyboard, Typing, Domestic sounds and home sounds",152956,Audio/Urban/152956,FSD50K,152956,,False
Urban_13840,Urban,Anthropogenic,Squeak,Squeak,Squeak,13840,Audio/Urban/13840,FSD50K,13840,,False
Urban_261092,Urban,Anthropogenic,Squeak,Squeak,Squeak,261092,Audio/Urban/261092,FSD50K,261092,,False
Urban_425381,Urban,Anthropogenic,Car passing by,Car passing by,"Car passing by, Car, Motor vehicle (road), Vehicle",425381,Audio/Urban/425381,FSD50K,425381,,False
Urban_117561,Urban,Anthropogenic,Ringtone,Ringtone,"Ringtone, Telephone, Alarm",117561,Audio/Urban/117561,FSD50K,117561,,False
Urban_185170,Urban,Anthropogenic,Drill,Drill,"Drill, Power tool, Tools",185170,Audio/Urban/185170,FSD50K,185170,,False
Urban_128459,Urban,Anthropogenic,Motor vehicle (road),Motor vehicle (road),"Motor vehicle (road), Siren, Vehicle, Alarm",128459,Audio/Urban/128459,FSD50K,128459,,False
Urban_268855,Urban,Anthropogenic,Printer,Printer,"Printer, Mechanisms",268855,Audio/Urban/268855,FSD50K,268855,,False
Urban_33729,Urban,Anthropogenic,Alarm,Alarm,Alarm,33729,Audio/Urban/33729,FSD50K,33729,,False
Urban_335956,Urban,Anthropogenic,Squeak,Squeak,"Squeak, Writing, Domestic sounds and home sounds",335956,Audio/Urban/335956,FSD50K,335956,,False
Urban_345334,Urban,Anthropogenic,Car,Car,"Car, Motor vehicle (road), Vehicle",345334,Audio/Urban/345334,FSD50K,345334,,False
Urban_35433,Urban,Anthropogenic,Alarm,Alarm,Alarm,35433,Audio/Urban/35433,FSD50K,35433,,False
Urban_340668,Urban,Anthropogenic,Engine,Engine,Engine,340668,Audio/Urban/340668,FSD50K,340668,,False
Urban_271568,Urban,Anthropogenic,Squeak,Squeak,Squeak,271568,Audio/Urban/271568,FSD50K,271568,,False
Urban_336896,Urban,Anthropogenic,Alarm,Alarm,Alarm,336896,Audio/Urban/336896,FSD50K,336896,,False
Urban_178820,Urban,Anthropogenic,Telephone,Telephone,"Telephone, Alarm",178820,Audio/Urban/178820,FSD50K,178820,,False
Urban_340703,Urban,Anthropogenic,Accelerating and revving and vroom,Accelerating and revving and vroom,"Accelerating and revving and vroom, Engine",340703,Audio/Urban/340703,FSD50K,340703,,False
Urban_193972,Urban,Anthropogenic,Typewriter,Typewriter,"Typewriter, Typing, Domestic sounds and home sounds",193972,Audio/Urban/193972,FSD50K,193972,,False
Urban_412038,Urban,Anthropogenic,Squeak,Squeak,"Squeak, Slam, Door, Domestic sounds and home sounds",412038,Audio/Urban/412038,FSD50K,412038,,False
Urban_353526,Urban,Anthropogenic,Power tool,Power tool,"Power tool, Tools",353526,Audio/Urban/353526,FSD50K,353526,,False
Urban_250007,Urban,Anthropogenic,Engine,Engine,"Engine, Car, Motor vehicle (road), Vehicle",250007,Audio/Urban/250007,FSD50K,250007,,False
Urban_68953,Urban,Anthropogenic,Squeak,Squeak,Squeak,68953,Audio/Urban/68953,FSD50K,68953,,False
Urban_179301,Urban,Anthropogenic,Telephone,Telephone,"Telephone, Alarm",179301,Audio/Urban/179301,FSD50K,179301,,False
Urban_90193,Urban,Anthropogenic,Telephone,Telephone,"Telephone, Alarm",90193,Audio/Urban/90193,FSD50K,90193,,False
Urban_145265,Urban,Anthropogenic,Printer,Printer,"Printer, Mechanisms",145265,Audio/Urban/145265,FSD50K,145265,,False
Urban_165397,Urban,Anthropogenic,Bus,Bus,"Bus, Motor vehicle (road), Vehicle",165397,Audio/Urban/165397,FSD50K,165397,,False
Urban_322130,Urban,Anthropogenic,Vehicle horn and car horn and honking,Vehicle horn and car horn and honking,"Vehicle horn and car horn and honking, Car, Motor vehicle (road), Vehicle, Alarm",322130,Audio/Urban/322130,FSD50K,322130,,False
Urban_332502,Urban,Anthropogenic,Truck,Truck,"Truck, Motor vehicle (road), Vehicle",332502,Audio/Urban/332502,FSD50K,332502,,False
Urban_22882,Urban,Anthropogenic,Idling,Idling,"Idling, Truck, Motor vehicle (road), Vehicle, Engine",22882,Audio/Urban/22882,FSD50K,22882,,False
Urban_85205,Urban,Anthropogenic,Telephone,Telephone,"Telephone, Alarm",85205,Audio/Urban/85205,FSD50K,85205,,False
Urban_104098,Urban,Anthropogenic,Squeak,Squeak,Squeak,104098,Audio/Urban/104098,FSD50K,104098,,False
Urban_318910,Urban,Anthropogenic,Alarm,Alarm,Alarm,318910,Audio/Urban/318910,FSD50K,318910,,False
Urban_113184,Urban,Anthropogenic,Engine,Engine,"Engine, Car, Vehicle, Motor vehicle (road)",113184,Audio/Urban/113184,FSD50K,113184,,False
Urban_156547,Urban,Anthropogenic,Ringtone,Ringtone,"Ringtone, Telephone, Alarm",156547,Audio/Urban/156547,FSD50K,156547,,False
Urban_50770,Urban,Anthropogenic,Car,Car,"Car, Motor vehicle (road), Vehicle",50770,Audio/Urban/50770,FSD50K,50770,,False
Urban_265644,Urban,Anthropogenic,Bicycle bell,Bicycle bell,"Bicycle bell, Alarm, Bicycle, Vehicle, Bell",265644,Audio/Urban/265644,FSD50K,265644,,False
Urban_125362,Urban,Anthropogenic,Motorcycle,Motorcycle,"Motorcycle, Motor vehicle (road), Vehicle",125362,Audio/Urban/125362,FSD50K,125362,,False
Urban_163114,Urban,Anthropogenic,Bus,Bus,"Bus, Motor vehicle (road), Vehicle",163114,Audio/Urban/163114,FSD50K,163114,,False
Urban_24248,Urban,Anthropogenic,Squeak,Squeak,"Squeak, Cupboard open or close, Door, Domestic sounds and home sounds",24248,Audio/Urban/24248,FSD50K,24248,,False
Urban_49177,Urban,Anthropogenic,Squeak,Squeak,Squeak,49177,Audio/Urban/49177,FSD50K,49177,,False
Urban_68938,Urban,Anthropogenic,Squeak,Squeak,Squeak,68938,Audio/Urban/68938,FSD50K,68938,,False
Urban_24929,Urban,Anthropogenic,Ringtone,Ringtone,"Ringtone, Telephone, Alarm",24929,Audio/Urban/24929,FSD50K,24929,,False
Urban_31236,Urban,Anthropogenic,Squeak,Squeak,Squeak,31236,Audio/Urban/31236,FSD50K,31236,,False
Urban_154954,Urban,Anthropogenic,Alarm,Alarm,Alarm,154954,Audio/Urban/154954,FSD50K,154954,,False
Urban_427068,Urban,Anthropogenic,Car,Car,"Car, Motor vehicle (road), Vehicle",427068,Audio/Urban/427068,FSD50K,427068,,False
Urban_258177,Urban,Anthropogenic,Telephone,Telephone,"Telephone, Alarm",258177,Audio/Urban/258177,FSD50K,258177,,False
Urban_418706,Urban,Anthropogenic,Car passing by,Car passing by,"Car passing by, Vehicle horn and car horn and honking, Bicycle, Car, Motor vehicle (road), Vehicle, Alarm",418706,Audio/Urban/418706,FSD50K,418706,,False
Urban_426731,Urban,Anthropogenic,Bicycle,Bicycle,"Bicycle, Vehicle",426731,Audio/Urban/426731,FSD50K,426731,,False
Urban_202744,Urban,Anthropogenic,Squeak,Squeak,Squeak,202744,Audio/Urban/202744,FSD50K,202744,,False
Urban_328156,Urban,Anthropogenic,Squeak,Squeak,Squeak,328156,Audio/Urban/328156,FSD50K,328156,,False
Urban_175844,Urban,Anthropogenic,Traffic noise and roadway noise,Traffic noise and roadway noise,"Traffic noise and roadway noise, Vehicle horn and car horn and honking, Car, Motor vehicle (road), Vehicle, Alarm",175844,Audio/Urban/175844,FSD50K,175844,,False
Urban_380066,Urban,Anthropogenic,Typing,Typing,"Typing, Domestic sounds and home sounds",380066,Audio/Urban/380066,FSD50K,380066,,False
Urban_215822,Urban,Anthropogenic,Telephone,Telephone,"Telephone, Alarm",215822,Audio/Urban/215822,FSD50K,215822,,False
Urban_344224,Urban,Anthropogenic,Hiss,Hiss,"Hiss, Alarm, Door, Domestic sounds and home sounds",344224,Audio/Urban/344224,FSD50K,344224,,False
Urban_165414,Urban,Anthropogenic,Bus,Bus,"Bus, Motor vehicle (road), Vehicle",165414,Audio/Urban/165414,FSD50K,165414,,False
Urban_79440,Urban,Anthropogenic,Telephone,Telephone,"Telephone, Alarm",79440,Audio/Urban/79440,FSD50K,79440,,False
Urban_24246,Urban,Anthropogenic,Squeak,Squeak,"Squeak, Cupboard open or close, Door, Domestic sounds and home sounds",24246,Audio/Urban/24246,FSD50K,24246,,False
Urban_383593,Urban,Anthropogenic,Bicycle bell,Bicycle bell,"Bicycle bell, Alarm, Bicycle, Vehicle, Bell",383593,Audio/Urban/383593,FSD50K,383593,,False
Urban_403458,Urban,Anthropogenic,Engine,Engine,Engine,403458,Audio/Urban/403458,FSD50K,403458,,False
Urban_235254,Urban,Anthropogenic,Typing,Typing,"Typing, Domestic sounds and home sounds",235254,Audio/Urban/235254,FSD50K,235254,,False
Urban_162500,Urban,Anthropogenic,Accelerating and revving and vroom,Accelerating and revving and vroom,"Accelerating and revving and vroom, Car, Vehicle, Motor vehicle (road), Engine",162500,Audio/Urban/162500,FSD50K,162500,,False
Urban_212662,Urban,Anthropogenic,Bicycle,Bicycle,"Bicycle, Vehicle",212662,Audio/Urban/212662,FSD50K,212662,,False
Urban_395041,Urban,Anthropogenic,Squeak,Squeak,"Squeak, Mechanisms",395041,Audio/Urban/395041,FSD50K,395041,,False
Urban_250063,Urban,Anthropogenic,Engine,Engine,"Engine, Drill, Power tool, Tools",250063,Audio/Urban/250063,FSD50K,250063,,False
Urban_405019,Urban,Anthropogenic,Motorcycle,Motorcycle,"Motorcycle, Motor vehicle (road), Vehicle",405019,Audio/Urban/405019,FSD50K,405019,,False
Urban_178137,Urban,Anthropogenic,Ringtone,Ringtone,"Ringtone, Telephone, Alarm",178137,Audio/Urban/178137,FSD50K,178137,,False
Urban_106486,Urban,Anthropogenic,Idling,Idling,"Idling, Car, Motor vehicle (road), Vehicle, Engine",106486,Audio/Urban/106486,FSD50K,106486,,False
Urban_137143,Urban,Anthropogenic,Squeak,Squeak,Squeak,137143,Audio/Urban/137143,FSD50K,137143,,False
Urban_63754,Urban,Anthropogenic,Shout,Shout,"Shout, Bicycle, Human voice, Vehicle",63754,Audio/Urban/63754,FSD50K,63754,,False
Urban_175843,Urban,Anthropogenic,Traffic noise and roadway noise,Traffic noise and roadway noise,"Traffic noise and roadway noise, Vehicle horn and car horn and honking, Car, Motor vehicle (road), Vehicle, Alarm",175843,Audio/Urban/175843,FSD50K,175843,,False
Urban_342554,Urban,Anthropogenic,Squeak,Squeak,Squeak,342554,Audio/Urban/342554,FSD50K,342554,,False
Urban_179864,Urban,Anthropogenic,Traffic noise and roadway noise,Traffic noise and roadway noise,"Traffic noise and roadway noise, Vehicle horn and car horn and honking, Car, Motor vehicle (road), Vehicle, Alarm",179864,Audio/Urban/179864,FSD50K,179864,,False
Urban_48702,Urban,Anthropogenic,Engine,Engine,Engine,48702,Audio/Urban/48702,FSD50K,48702,,False
Urban_24644,Urban,Anthropogenic,Squeak,Squeak,Squeak,24644,Audio/Urban/24644,FSD50K,24644,,False
Urban_186555,Urban,Anthropogenic,Sawing,Sawing,"Sawing, Tools",186555,Audio/Urban/186555,FSD50K,186555,,False
Urban_165425,Urban,Anthropogenic,Bus,Bus,"Bus, Motor vehicle (road), Vehicle",165425,Audio/Urban/165425,FSD50K,165425,,False
Urban_143602,Urban,Anthropogenic,Accelerating and revving and vroom,Accelerating and revving and vroom,"Accelerating and revving and vroom, Engine",143602,Audio/Urban/143602,FSD50K,143602,,False
Urban_329611,Urban,Anthropogenic,Engine,Engine,"Engine, Car, Motor vehicle (road), Vehicle",329611,Audio/Urban/329611,FSD50K,329611,,False
Urban_384119,Urban,Anthropogenic,Engine,Engine,Engine,384119,Audio/Urban/384119,FSD50K,384119,,False
Urban_113190,Urban,Anthropogenic,Engine,Engine,"Engine, Car, Motor vehicle (road), Vehicle",113190,Audio/Urban/113190,FSD50K,113190,,False
Urban_179718,Urban,Anthropogenic,Sawing,Sawing,"Sawing, Tools",179718,Audio/Urban/179718,FSD50K,179718,,False
Urban_3179,Urban,Anthropogenic,Car passing by,Car passing by,"Car passing by, Car, Motor vehicle (road), Vehicle",3179,Audio/Urban/3179,FSD50K,3179,,False
Urban_267915,Urban,Anthropogenic,Bicycle,Bicycle,"Bicycle, Vehicle",267915,Audio/Urban/267915,FSD50K,267915,,False
Urban_58760,Urban,Anthropogenic,Accelerating and revving and vroom,Accelerating and revving and vroom,"Accelerating and revving and vroom, Engine",58760,Audio/Urban/58760,FSD50K,58760,,False
Urban_428457,Urban,Anthropogenic,Accelerating and revving and vroom,Accelerating and revving and vroom,"Accelerating and revving and vroom, Engine",428457,Audio/Urban/428457,FSD50K,428457,,False
Urban_71531,Urban,Anthropogenic,Engine,Engine,Engine,71531,Audio/Urban/71531,FSD50K,71531,,False
Urban_66293,Urban,Anthropogenic,Telephone,Telephone,"Telephone, Alarm",66293,Audio/Urban/66293,FSD50K,66293,,False
Urban_161397,Urban,Anthropogenic,Slam,Slam,"Slam, Car, Motor vehicle (road), Vehicle, Door, Domestic sounds and home sounds",161397,Audio/Urban/161397,FSD50K,161397,,False
Urban_415483,Urban,Anthropogenic,Car passing by,Car passing by,"Car passing by, Car, Motor vehicle (road), Vehicle",415483,Audio/Urban/415483,FSD50K,415483,,False
Urban_386275,Urban,Anthropogenic,Drill,Drill,"Drill, Power tool, Tools",386275,Audio/Urban/386275,FSD50K,386275,,False
Urban_244932,Urban,Anthropogenic,Alarm,Alarm,Alarm,244932,Audio/Urban/244932,FSD50K,244932,,False
Urban_149757,Urban,Anthropogenic,Computer keyboard,Computer keyboard,"Computer keyboard, Typing, Domestic sounds and home sounds",149757,Audio/Urban/149757,FSD50K,149757,,False
Urban_432442,Urban,Anthropogenic,Sawing,Sawing,"Sawing, Tools",432442,Audio/Urban/432442,FSD50K,432442,,False
Urban_257931,Urban,Anthropogenic,Car,Car,"Car, Motor vehicle (road), Vehicle",257931,Audio/Urban/257931,FSD50K,257931,,False
Urban_377462,Urban,Anthropogenic,Computer keyboard,Computer keyboard,"Computer keyboard, Typing, Domestic sounds and home sounds",377462,Audio/Urban/377462,FSD50K,377462,,False
Urban_33747,Urban,Anthropogenic,Alarm,Alarm,Alarm,33747,Audio/Urban/33747,FSD50K,33747,,False
Urban_155773,Urban,Anthropogenic,Motorcycle,Motorcycle,"Motorcycle, Traffic noise and roadway noise, Motor vehicle (road), Vehicle",155773,Audio/Urban/155773,FSD50K,155773,,False
Urban_77912,Urban,Anthropogenic,Race car and auto racing,Race car and auto racing,"Race car and auto racing, Car, Motor vehicle (road), Vehicle",77912,Audio/Urban/77912,FSD50K,77912,,False
Urban_72663,Urban,Anthropogenic,Squeak,Squeak,Squeak,72663,Audio/Urban/72663,FSD50K,72663,,False
Urban_111905,Urban,Anthropogenic,Bus,Bus,"Bus, Motor vehicle (road), Vehicle",111905,Audio/Urban/111905,FSD50K,111905,,False
Urban_414263,Urban,Anthropogenic,Motorcycle,Motorcycle,"Motorcycle, Motor vehicle (road), Vehicle",414263,Audio/Urban/414263,FSD50K,414263,,False
Urban_9262,Urban,Anthropogenic,Bicycle,Bicycle,"Bicycle, Vehicle",9262,Audio/Urban/9262,FSD50K,9262,,False
Urban_151833,Urban,Anthropogenic,Squeak,Squeak,Squeak,151833,Audio/Urban/151833,FSD50K,151833,,False
Urban_109825,Urban,Anthropogenic,Squeak,Squeak,Squeak,109825,Audio/Urban/109825,FSD50K,109825,,False
Urban_398919,Urban,Anthropogenic,Squeak,Squeak,Squeak,398919,Audio/Urban/398919,FSD50K,398919,,False
Urban_168621,Urban,Anthropogenic,Motor vehicle (road),Motor vehicle (road),"Motor vehicle (road), Siren, Vehicle, Alarm",168621,Audio/Urban/168621,FSD50K,168621,,False
Urban_160814,Urban,Anthropogenic,Bus,Bus,"Bus, Motor vehicle (road), Vehicle",160814,Audio/Urban/160814,FSD50K,160814,,False
Urban_364856,Urban,Anthropogenic,Car passing by,Car passing by,"Car passing by, Traffic noise and roadway noise, Car, Motor vehicle (road), Vehicle",364856,Audio/Urban/364856,FSD50K,364856,,False
Urban_393666,Urban,Anthropogenic,Motor vehicle (road),Motor vehicle (road),"Motor vehicle (road), Siren, Vehicle, Alarm",393666,Audio/Urban/393666,FSD50K,393666,,False
Urban_343799,Urban,Anthropogenic,Typing,Typing,"Typing, Domestic sounds and home sounds",343799,Audio/Urban/343799,FSD50K,343799,,False
Urban_179866,Urban,Anthropogenic,Traffic noise and roadway noise,Traffic noise and roadway noise,"Traffic noise and roadway noise, Vehicle horn and car horn and honking, Car, Motor vehicle (road), Vehicle, Alarm",179866,Audio/Urban/179866,FSD50K,179866,,False
Urban_53383,Urban,Anthropogenic,Motorcycle,Motorcycle,"Motorcycle, Motor vehicle (road), Vehicle",53383,Audio/Urban/53383,FSD50K,53383,,False
Urban_166717,Urban,Anthropogenic,Engine,Engine,Engine,166717,Audio/Urban/166717,FSD50K,166717,,False
Urban_113183,Urban,Anthropogenic,Engine,Engine,"Engine, Car, Vehicle, Motor vehicle (road)",113183,Audio/Urban/113183,FSD50K,113183,,False
Urban_186938,Urban,Anthropogenic,Idling,Idling,"Idling, Engine",186938,Audio/Urban/186938,FSD50K,186938,,False
Urban_332997,Urban,Anthropogenic,Engine,Engine,Engine,332997,Audio/Urban/332997,FSD50K,332997,,False
Urban_258176,Urban,Anthropogenic,Telephone,Telephone,"Telephone, Alarm",258176,Audio/Urban/258176,FSD50K,258176,,False
Urban_53807,Urban,Anthropogenic,Race car and auto racing,Race car and auto racing,"Race car and auto racing, Engine, Car, Motor vehicle (road), Vehicle",53807,Audio/Urban/53807,FSD50K,53807,,False
Urban_326252,Urban,Anthropogenic,Telephone,Telephone,"Telephone, Alarm",326252,Audio/Urban/326252,FSD50K,326252,,False
Urban_70118,Urban,Anthropogenic,Engine,Engine,Engine,70118,Audio/Urban/70118,FSD50K,70118,,False
Music_201211,Music,Musical,Drum,Drum,"Drum, Percussion, Musical instrument, Music",201211,Audio/Music/201211,FSD50K,201211,,False
Music_153708,Music,Musical,Bowed string instrument,Bowed string instrument,"Bowed string instrument, Musical instrument, Music",153708,Audio/Music/153708,FSD50K,153708,,False
Music_116376,Music,Musical,Mallet percussion,Mallet percussion,"Mallet percussion, Percussion, Musical instrument, Music",116376,Audio/Music/116376,FSD50K,116376,,False
Music_119366,Music,Musical,Wind instrument and woodwind instrument,Wind instrument and woodwind instrument,"Wind instrument and woodwind instrument, Musical instrument, Music",119366,Audio/Music/119366,FSD50K,119366,,False
Music_247931,Music,Musical,Bowed string instrument,Bowed string instrument,"Bowed string instrument, Musical instrument, Music",247931,Audio/Music/247931,FSD50K,247931,,False
Music_415377,Music,Musical,Acoustic guitar,Acoustic guitar,"Acoustic guitar, Guitar, Plucked string instrument, Musical instrument, Music",415377,Audio/Music/415377,FSD50K,415377,,False
Music_247742,Music,Musical,Bowed string instrument,Bowed string instrument,"Bowed string instrument, Musical instrument, Music",247742,Audio/Music/247742,FSD50K,247742,,False
Music_221143,Music,Musical,Snare drum,Snare drum,"Snare drum, Drum, Percussion, Musical instrument, Music",221143,Audio/Music/221143,FSD50K,221143,,False
Music_58045,Music,Musical,Strum,Strum,"Strum, Guitar, Plucked string instrument, Musical instrument, Music",58045,Audio/Music/58045,FSD50K,58045,,False
Music_255782,Music,Musical,Brass instrument,Brass instrument,"Brass instrument, Percussion, Musical instrument, Music",255782,Audio/Music/255782,FSD50K,255782,,False
Music_400896,Music,Musical,Female singing,Female singing,"Female singing, Singing, Human voice",400896,Audio/Music/400896,FSD50K,400896,,False
Music_330762,Music,Musical,Harmonica,Harmonica,"Harmonica, Musical instrument, Music",330762,Audio/Music/330762,FSD50K,330762,,False
Music_240138,Music,Musical,Drum,Drum,"Drum, Drum kit, Percussion, Musical instrument, Music",240138,Audio/Music/240138,FSD50K,240138,,False
Music_85796,Music,Musical,Percussion,Percussion,"Percussion, Musical instrument, Music",85796,Audio/Music/85796,FSD50K,85796,,False
Music_359860,Music,Musical,Wind instrument and woodwind instrument,Wind instrument and woodwind instrument,"Wind instrument and woodwind instrument, Musical instrument, Music",359860,Audio/Music/359860,FSD50K,359860,,False
Music_399488,Music,Musical,Guitar,Guitar,"Guitar, Plucked string instrument, Musical instrument, Music",399488,Audio/Music/399488,FSD50K,399488,,False
Music_140535,Music,Musical,Hi-hat,Hi-hat,"Hi-hat, Cymbal, Percussion, Musical instrument, Music",140535,Audio/Music/140535,FSD50K,140535,,False
Music_153820,Music,Musical,Bowed string instrument,Bowed string instrument,"Bowed string instrument, Musical instrument, Music",153820,Audio/Music/153820,FSD50K,153820,,False
Music_84073,Music,Musical,Snare drum,Snare drum,"Snare drum, Drum, Percussion, Musical instrument, Music",84073,Audio/Music/84073,FSD50K,84073,,False
Music_356062,Music,Musical,Bowed string instrument,Bowed string instrument,"Bowed string instrument, Musical instrument, Music",356062,Audio/Music/356062,FSD50K,356062,,False
Music_276563,Music,Musical,Rattle (instrument),Rattle (instrument),"Rattle (instrument), Percussion, Musical instrument, Music",276563,Audio/Music/276563,FSD50K,276563,,False
Music_359530,Music,Musical,Wind instrument and woodwind instrument,Wind instrument and woodwind instrument,"Wind instrument and woodwind instrument, Musical instrument, Music",359530,Audio/Music/359530,FSD50K,359530,,False
Music_160298,Music,Musical,Organ,Organ,"Organ, Keyboard (musical), Musical instrument, Music",160298,Audio/Music/160298,FSD50K,160298,,False
Music_83710,Music,Musical,Snare drum,Snare drum,"Snare drum, Drum, Percussion, Musical instrument, Music",83710,Audio/Music/83710,FSD50K,83710,,False
Music_136057,Music,Musical,Crash cymbal,Crash cymbal,"Crash cymbal, Cymbal, Percussion, Musical instrument, Music",136057,Audio/Music/136057,FSD50K,136057,,False
Music_251091,Music,Musical,Acoustic guitar,Acoustic guitar,"Acoustic guitar, Guitar, Plucked string instrument, Musical instrument, Music",251091,Audio/Music/251091,FSD50K,251091,,False
Music_432391,Music,Musical,Bass drum,Bass drum,"Bass drum, Snare drum, Drum kit, Drum, Percussion, Musical instrument, Music",432391,Audio/Music/432391,FSD50K,432391,,False
Music_357028,Music,Musical,Wind instrument and woodwind instrument,Wind instrument and woodwind instrument,"Wind instrument and woodwind instrument, Musical instrument, Music",357028,Audio/Music/357028,FSD50K,357028,,False
Music_264047,Music,Musical,Gong,Gong,"Gong, Percussion, Musical instrument, Music",264047,Audio/Music/264047,FSD50K,264047,,False
Music_239746,Music,Musical,Bass guitar,Bass guitar,"Bass guitar, Guitar, Plucked string instrument, Musical instrument, Music",239746,Audio/Music/239746,FSD50K,239746,,False
Music_183764,Music,Musical,Acoustic guitar,Acoustic guitar,"Acoustic guitar, Guitar, Plucked string instrument, Musical instrument, Music",183764,Audio/Music/183764,FSD50K,183764,,False
Music_246914,Music,Musical,Bowed string instrument,Bowed string instrument,"Bowed string instrument, Musical instrument, Music",246914,Audio/Music/246914,FSD50K,246914,,False
Music_2637,Music,Musical,Harmonica,Harmonica,"Harmonica, Musical instrument, Music",2637,Audio/Music/2637,FSD50K,2637,,False
Music_246675,Music,Musical,Wind instrument and woodwind instrument,Wind instrument and woodwind instrument,"Wind instrument and woodwind instrument, Musical instrument, Music",246675,Audio/Music/246675,FSD50K,246675,,False
Music_357321,Music,Musical,Trumpet,Trumpet,"Trumpet, Brass instrument, Musical instrument, Music",357321,Audio/Music/357321,FSD50K,357321,,False
Music_240095,Music,Musical,Drum kit,Drum kit,"Drum kit, Percussion, Musical instrument, Music",240095,Audio/Music/240095,FSD50K,240095,,False
Music_355961,Music,Musical,Bowed string instrument,Bowed string instrument,"Bowed string instrument, Musical instrument, Music",355961,Audio/Music/355961,FSD50K,355961,,False
Music_357591,Music,Musical,Trumpet,Trumpet,"Trumpet, Brass instrument, Musical instrument, Music",357591,Audio/Music/357591,FSD50K,357591,,False
Music_137557,Music,Musical,Hi-hat,Hi-hat,"Hi-hat, Cymbal, Percussion, Musical instrument, Music",137557,Audio/Music/137557,FSD50K,137557,,False
Music_130420,Music,Musical,Tabla,Tabla,"Tabla, Drum, Percussion, Musical instrument, Music",130420,Audio/Music/130420,FSD50K,130420,,False
Music_137573,Music,Musical,Hi-hat,Hi-hat,"Hi-hat, Cymbal, Percussion, Musical instrument, Music",137573,Audio/Music/137573,FSD50K,137573,,False
Music_251135,Music,Musical,Acoustic guitar,Acoustic guitar,"Acoustic guitar, Guitar, Plucked string instrument, Musical instrument, Music",251135,Audio/Music/251135,FSD50K,251135,,False
Music_153627,Music,Musical,Bowed string instrument,Bowed string instrument,"Bowed string instrument, Musical instrument, Music",153627,Audio/Music/153627,FSD50K,153627,,False
Music_40414,Music,Musical,Electric guitar,Electric guitar,"Electric guitar, Guitar, Plucked string instrument, Musical instrument, Music",40414,Audio/Music/40414,FSD50K,40414,,False
Music_140675,Music,Musical,Crash cymbal,Crash cymbal,"Crash cymbal, Cymbal, Percussion, Musical instrument, Music",140675,Audio/Music/140675,FSD50K,140675,,False
Music_116380,Music,Musical,Mallet percussion,Mallet percussion,"Mallet percussion, Percussion, Musical instrument, Music",116380,Audio/Music/116380,FSD50K,116380,,False
Music_195274,Music,Musical,Bowed string instrument,Bowed string instrument,"Bowed string instrument, Musical instrument, Music",195274,Audio/Music/195274,FSD50K,195274,,False
Music_358622,Music,Musical,Wind instrument and woodwind instrument,Wind instrument and woodwind instrument,"Wind instrument and woodwind instrument, Musical instrument, Music",358622,Audio/Music/358622,FSD50K,358622,,False
Music_359313,Music,Musical,Wind instrument and woodwind instrument,Wind instrument and woodwind instrument,"Wind instrument and woodwind instrument, Musical instrument, Music",359313,Audio/Music/359313,FSD50K,359313,,False
Music_240097,Music,Musical,Drum kit,Drum kit,"Drum kit, Percussion, Musical instrument, Music",240097,Audio/Music/240097,FSD50K,240097,,False
Music_176500,Music,Musical,Piano,Piano,"Piano, Keyboard (musical), Musical instrument, Music",176500,Audio/Music/176500,FSD50K,176500,,False
Music_10620,Music,Musical,Bowed string instrument,Bowed string instrument,"Bowed string instrument, Musical instrument, Music",10620,Audio/Music/10620,FSD50K,10620,,False
Music_153653,Music,Musical,Bowed string instrument,Bowed string instrument,"Bowed string instrument, Musical instrument, Music",153653,Audio/Music/153653,FSD50K,153653,,False
Music_5354,Music,Musical,Electric guitar,Electric guitar,"Electric guitar, Guitar, Plucked string instrument, Musical instrument, Music",5354,Audio/Music/5354,FSD50K,5354,,False
Music_247523,Music,Musical,Bowed string instrument,Bowed string instrument,"Bowed string instrument, Musical instrument, Music",247523,Audio/Music/247523,FSD50K,247523,,False
Music_64709,Music,Musical,Electric guitar,Electric guitar,"Electric guitar, Guitar, Plucked string instrument, Musical instrument, Music",64709,Audio/Music/64709,FSD50K,64709,,False
Music_88655,Music,Musical,Bowed string instrument,Bowed string instrument,"Bowed string instrument, Musical instrument, Music",88655,Audio/Music/88655,FSD50K,88655,,False
Music_162936,Music,Musical,Bass guitar,Bass guitar,"Bass guitar, Guitar, Plucked string instrument, Musical instrument, Music",162936,Audio/Music/162936,FSD50K,162936,,False
Music_372661,Music,Musical,Wind instrument and woodwind instrument,Wind instrument and woodwind instrument,"Wind instrument and woodwind instrument, Musical instrument, Music",372661,Audio/Music/372661,FSD50K,372661,,False
Music_246702,Music,Musical,Wind instrument and woodwind instrument,Wind instrument and woodwind instrument,"Wind instrument and woodwind instrument, Musical instrument, Music",246702,Audio/Music/246702,FSD50K,246702,,False
Music_373812,Music,Musical,Bowed string instrument,Bowed string instrument,"Bowed string instrument, Musical instrument, Music",373812,Audio/Music/373812,FSD50K,373812,,False
Music_355092,Music,Musical,Wind instrument and woodwind instrument,Wind instrument and woodwind instrument,"Wind instrument and woodwind instrument, Musical instrument, Music",355092,Audio/Music/355092,FSD50K,355092,,False
Music_169945,Music,Musical,Plucked string instrument,Plucked string instrument,"Plucked string instrument, Musical instrument, Music",169945,Audio/Music/169945,FSD50K,169945,,False
Music_130533,Music,Musical,Marimba and xylophone,Marimba and xylophone,"Marimba and xylophone, Mallet percussion, Percussion, Musical instrument, Music",130533,Audio/Music/130533,FSD50K,130533,,False
Music_82929,Music,Musical,Acoustic guitar,Acoustic guitar,"Acoustic guitar, Strum, Guitar, Plucked string instrument, Musical instrument, Music",82929,Audio/Music/82929,FSD50K,82929,,False
Music_354191,Music,Musical,Bowed string instrument,Bowed string instrument,"Bowed string instrument, Musical instrument, Music",354191,Audio/Music/354191,FSD50K,354191,,False
Music_372686,Music,Musical,Wind instrument and woodwind instrument,Wind instrument and woodwind instrument,"Wind instrument and woodwind instrument, Musical instrument, Music",372686,Audio/Music/372686,FSD50K,372686,,False
Music_333724,Music,Musical,Accordion,Accordion,"Accordion, Musical instrument, Music",333724,Audio/Music/333724,FSD50K,333724,,False
Music_134008,Music,Musical,Electric guitar,Electric guitar,"Electric guitar, Guitar, Plucked string instrument, Musical instrument, Music",134008,Audio/Music/134008,FSD50K,134008,,False
Music_232717,Music,Musical,Electric guitar,Electric guitar,"Electric guitar, Guitar, Plucked string instrument, Musical instrument, Music",232717,Audio/Music/232717,FSD50K,232717,,False
Music_277086,Music,Musical,Piano,Piano,"Piano, Keyboard (musical), Musical instrument, Music",277086,Audio/Music/277086,FSD50K,277086,,False
Music_276934,Music,Musical,Piano,Piano,"Piano, Keyboard (musical), Musical instrument, Music",276934,Audio/Music/276934,FSD50K,276934,,False
Music_176504,Music,Musical,Piano,Piano,"Piano, Keyboard (musical), Musical instrument, Music",176504,Audio/Music/176504,FSD50K,176504,,False
Music_372404,Music,Musical,Bowed string instrument,Bowed string instrument,"Bowed string instrument, Musical instrument, Music",372404,Audio/Music/372404,FSD50K,372404,,False
Music_260380,Music,Musical,Snare drum,Snare drum,"Snare drum, Drum, Percussion, Musical instrument, Music",260380,Audio/Music/260380,FSD50K,260380,,False
Music_357934,Music,Musical,Bowed string instrument,Bowed string instrument,"Bowed string instrument, Musical instrument, Music",357934,Audio/Music/357934,FSD50K,357934,,False
Music_177056,Music,Musical,Singing,Singing,"Singing, Human voice",177056,Audio/Music/177056,FSD50K,177056,,False
Music_372710,Music,Musical,Bowed string instrument,Bowed string instrument,"Bowed string instrument, Musical instrument, Music",372710,Audio/Music/372710,FSD50K,372710,,False
Music_359801,Music,Musical,Wind instrument and woodwind instrument,Wind instrument and woodwind instrument,"Wind instrument and woodwind instrument, Musical instrument, Music",359801,Audio/Music/359801,FSD50K,359801,,False
Music_373674,Music,Musical,Organ,Organ,"Organ, Keyboard (musical), Musical instrument, Music",373674,Audio/Music/373674,FSD50K,373674,,False
Music_153670,Music,Musical,Bowed string instrument,Bowed string instrument,"Bowed string instrument, Musical instrument, Music",153670,Audio/Music/153670,FSD50K,153670,,False
Music_372726,Music,Musical,Bowed string instrument,Bowed string instrument,"Bowed string instrument, Musical instrument, Music",372726,Audio/Music/372726,FSD50K,372726,,False
Music_150468,Music,Musical,Crash cymbal,Crash cymbal,"Crash cymbal, Cymbal, Percussion, Musical instrument, Music",150468,Audio/Music/150468,FSD50K,150468,,False
Music_356532,Music,Musical,Wind instrument and woodwind instrument,Wind instrument and woodwind instrument,"Wind instrument and woodwind instrument, Musical instrument, Music",356532,Audio/Music/356532,FSD50K,356532,,False
Music_135954,Music,Musical,Crash cymbal,Crash cymbal,"Crash cymbal, Cymbal, Percussion, Musical instrument, Music",135954,Audio/Music/135954,FSD50K,135954,,False
Music_247288,Music,Musical,Trumpet,Trumpet,"Trumpet, Brass instrument, Musical instrument, Music",247288,Audio/Music/247288,FSD50K,247288,,False
Music_405921,Music,Musical,Piano,Piano,"Piano, Keyboard (musical), Musical instrument, Music",405921,Audio/Music/405921,FSD50K,405921,,False
Music_354914,Music,Musical,Wind instrument and woodwind instrument,Wind instrument and woodwind instrument,"Wind instrument and woodwind instrument, Musical instrument, Music",354914,Audio/Music/354914,FSD50K,354914,,False
Music_144790,Music,Musical,Snare drum,Snare drum,"Snare drum, Drum, Percussion, Musical instrument, Music",144790,Audio/Music/144790,FSD50K,144790,,False
Music_357515,Music,Musical,Trumpet,Trumpet,"Trumpet, Brass instrument, Musical instrument, Music",357515,Audio/Music/357515,FSD50K,357515,,False
Music_13474,Music,Musical,Wind instrument and woodwind instrument,Wind instrument and woodwind instrument,"Wind instrument and woodwind instrument, Musical instrument, Music",13474,Audio/Music/13474,FSD50K,13474,,False
Music_357463,Music,Musical,Trumpet,Trumpet,"Trumpet, Brass instrument, Musical instrument, Music",357463,Audio/Music/357463,FSD50K,357463,,False
Music_358744,Music,Musical,Wind instrument and woodwind instrument,Wind instrument and woodwind instrument,"Wind instrument and woodwind instrument, Musical instrument, Music",358744,Audio/Music/358744,FSD50K,358744,,False
Music_247987,Music,Musical,Bowed string instrument,Bowed string instrument,"Bowed string instrument, Musical instrument, Music",247987,Audio/Music/247987,FSD50K,247987,,False
Music_247490,Music,Musical,Bowed string instrument,Bowed string instrument,"Bowed string instrument, Musical instrument, Music",247490,Audio/Music/247490,FSD50K,247490,,False
Music_152081,Music,Musical,Snare drum,Snare drum,"Snare drum, Drum, Percussion, Musical instrument, Music",152081,Audio/Music/152081,FSD50K,152081,,False
Music_374106,Music,Musical,Trumpet,Trumpet,"Trumpet, Brass instrument, Musical instrument, Music",374106,Audio/Music/374106,FSD50K,374106,,False
Music_399496,Music,Musical,Guitar,Guitar,"Guitar, Plucked string instrument, Musical instrument, Music",399496,Audio/Music/399496,FSD50K,399496,,False
Music_138846,Music,Musical,Hi-hat,Hi-hat,"Hi-hat, Cymbal, Percussion, Musical instrument, Music",138846,Audio/Music/138846,FSD50K,138846,,False
Music_247074,Music,Musical,Trumpet,Trumpet,"Trumpet, Brass instrument, Musical instrument, Music",247074,Audio/Music/247074,FSD50K,247074,,False
Music_252322,Music,Musical,Acoustic guitar,Acoustic guitar,"Acoustic guitar, Human voice, Guitar, Plucked string instrument, Musical instrument, Music",252322,Audio/Music/252322,FSD50K,252322,,False
Music_210643,Music,Musical,Tambourine,Tambourine,"Tambourine, Percussion, Musical instrument, Music",210643,Audio/Music/210643,FSD50K,210643,,False
Music_26655,Music,Musical,Hi-hat,Hi-hat,"Hi-hat, Cymbal, Percussion, Musical instrument, Music",26655,Audio/Music/26655,FSD50K,26655,,False
Music_11849,Music,Musical,Organ,Organ,"Organ, Keyboard (musical), Musical instrument, Music",11849,Audio/Music/11849,FSD50K,11849,,False
Music_47301,Music,Musical,Drum kit,Drum kit,"Drum kit, Percussion, Musical instrument, Music",47301,Audio/Music/47301,FSD50K,47301,,False
Music_373697,Music,Musical,Organ,Organ,"Organ, Keyboard (musical), Musical instrument, Music",373697,Audio/Music/373697,FSD50K,373697,,False
Music_380630,Music,Musical,Piano,Piano,"Piano, Keyboard (musical), Musical instrument, Music",380630,Audio/Music/380630,FSD50K,380630,,False
Music_372378,Music,Musical,Electric guitar,Electric guitar,"Electric guitar, Guitar, Plucked string instrument, Musical instrument, Music",372378,Audio/Music/372378,FSD50K,372378,,False
Music_151373,Music,Musical,Organ,Organ,"Organ, Keyboard (musical), Musical instrument, Music",151373,Audio/Music/151373,FSD50K,151373,,False
Music_354493,Music,Musical,Wind instrument and woodwind instrument,Wind instrument and woodwind instrument,"Wind instrument and woodwind instrument, Musical instrument, Music",354493,Audio/Music/354493,FSD50K,354493,,False
Music_153399,Music,Musical,Crash cymbal,Crash cymbal,"Crash cymbal, Cymbal, Percussion, Musical instrument, Music",153399,Audio/Music/153399,FSD50K,153399,,False
Music_222271,Music,Musical,Crash cymbal,Crash cymbal,"Crash cymbal, Percussion, Cymbal, Musical instrument, Music",222271,Audio/Music/222271,FSD50K,222271,,False
Music_3431,Music,Musical,Organ,Organ,"Organ, Keyboard (musical), Musical instrument, Music",3431,Audio/Music/3431,FSD50K,3431,,False
Music_130410,Music,Musical,Tabla,Tabla,"Tabla, Drum, Percussion, Musical instrument, Music",130410,Audio/Music/130410,FSD50K,130410,,False
Music_373599,Music,Musical,Wind instrument and woodwind instrument,Wind instrument and woodwind instrument,"Wind instrument and woodwind instrument, Musical instrument, Music",373599,Audio/Music/373599,FSD50K,373599,,False
Music_222924,Music,Musical,Gong,Gong,"Gong, Percussion, Musical instrument, Music",222924,Audio/Music/222924,FSD50K,222924,,False
Music_355296,Music,Musical,Wind instrument and woodwind instrument,Wind instrument and woodwind instrument,"Wind instrument and woodwind instrument, Musical instrument, Music",355296,Audio/Music/355296,FSD50K,355296,,False
Music_86662,Music,Musical,Rattle (instrument),Rattle (instrument),"Rattle (instrument), Percussion, Musical instrument, Music",86662,Audio/Music/86662,FSD50K,86662,,False
Music_26468,Music,Musical,Drum kit,Drum kit,"Drum kit, Percussion, Musical instrument, Music",26468,Audio/Music/26468,FSD50K,26468,,False
Music_58028,Music,Musical,Strum,Strum,"Strum, Guitar, Plucked string instrument, Musical instrument, Music",58028,Audio/Music/58028,FSD50K,58028,,False
Music_205570,Music,Musical,Organ,Organ,"Organ, Keyboard (musical), Musical instrument, Music",205570,Audio/Music/205570,FSD50K,205570,,False
Music_116942,Music,Musical,Harmonica,Harmonica,"Harmonica, Musical instrument, Music",116942,Audio/Music/116942,FSD50K,116942,,False
Music_216754,Music,Musical,Marimba and xylophone,Marimba and xylophone,"Marimba and xylophone, Mallet percussion, Percussion, Musical instrument, Music",216754,Audio/Music/216754,FSD50K,216754,,False
Music_101136,Music,Musical,Organ,Organ,"Organ, Keyboard (musical), Musical instrument, Music",101136,Audio/Music/101136,FSD50K,101136,,False
Music_148582,Music,Musical,Piano,Piano,"Piano, Keyboard (musical), Musical instrument, Music",148582,Audio/Music/148582,FSD50K,148582,,False
Music_277124,Music,Musical,Piano,Piano,"Piano, Keyboard (musical), Musical instrument, Music",277124,Audio/Music/277124,FSD50K,277124,,False
Music_64718,Music,Musical,Electric guitar,Electric guitar,"Electric guitar, Guitar, Plucked string instrument, Musical instrument, Music",64718,Audio/Music/64718,FSD50K,64718,,False
Music_276057,Music,Musical,Bowed string instrument,Bowed string instrument,"Bowed string instrument, Musical instrument, Music",276057,Audio/Music/276057,FSD50K,276057,,False
Music_397439,Music,Musical,Piano,Piano,"Piano, Keyboard (musical), Musical instrument, Music",397439,Audio/Music/397439,FSD50K,397439,,False
Music_359081,Music,Musical,Wind instrument and woodwind instrument,Wind instrument and woodwind instrument,"Wind instrument and woodwind instrument, Musical instrument, Music",359081,Audio/Music/359081,FSD50K,359081,,False
Music_13450,Music,Musical,Wind instrument and woodwind instrument,Wind instrument and woodwind instrument,"Wind instrument and woodwind instrument, Musical instrument, Music",13450,Audio/Music/13450,FSD50K,13450,,False
Music_350888,Music,Musical,Guitar,Guitar,"Guitar, Plucked string instrument, Musical instrument, Music",350888,Audio/Music/350888,FSD50K,350888,,False
Music_119182,Music,Musical,Wind instrument and woodwind instrument,Wind instrument and woodwind instrument,"Wind instrument and woodwind instrument, Musical instrument, Music",119182,Audio/Music/119182,FSD50K,119182,,False
Music_88437,Music,Musical,Bass drum,Bass drum,"Bass drum, Drum, Percussion, Musical instrument, Music",88437,Audio/Music/88437,FSD50K,88437,,False
Music_412841,Music,Musical,Bass guitar,Bass guitar,"Bass guitar, Guitar, Plucked string instrument, Musical instrument, Music",412841,Audio/Music/412841,FSD50K,412841,,False
Music_246788,Music,Musical,Bowed string instrument,Bowed string instrument,"Bowed string instrument, Musical instrument, Music",246788,Audio/Music/246788,FSD50K,246788,,False
Music_48044,Music,Musical,Singing,Singing,"Singing, Human voice",48044,Audio/Music/48044,FSD50K,48044,,False
Music_21702,Music,Musical,Singing,Singing,"Singing, Musical instrument, Human voice, Music",21702,Audio/Music/21702,FSD50K,21702,,False
Music_324053,Music,Musical,Electric guitar,Electric guitar,"Electric guitar, Guitar, Plucked string instrument, Musical instrument, Music",324053,Audio/Music/324053,FSD50K,324053,,False
Music_352288,Music,Musical,Tambourine,Tambourine,"Tambourine, Percussion, Musical instrument, Music",352288,Audio/Music/352288,FSD50K,352288,,False
Music_411575,Music,Musical,Gong,Gong,"Gong, Percussion, Musical instrument, Music",411575,Audio/Music/411575,FSD50K,411575,,False
Music_15861,Music,Musical,Strum,Strum,"Strum, Guitar, Plucked string instrument, Musical instrument, Music",15861,Audio/Music/15861,FSD50K,15861,,False
Music_247758,Music,Musical,Bowed string instrument,Bowed string instrument,"Bowed string instrument, Musical instrument, Music",247758,Audio/Music/247758,FSD50K,247758,,False
Music_11660,Music,Musical,Piano,Piano,"Piano, Keyboard (musical), Musical instrument, Music",11660,Audio/Music/11660,FSD50K,11660,,False
Music_119296,Music,Musical,Wind instrument and woodwind instrument,Wind instrument and woodwind instrument,"Wind instrument and woodwind instrument, Musical instrument, Music",119296,Audio/Music/119296,FSD50K,119296,,False
Music_106748,Music,Musical,Guitar,Guitar,"Guitar, Plucked string instrument, Musical instrument, Music",106748,Audio/Music/106748,FSD50K,106748,,False
Music_354336,Music,Musical,Bowed string instrument,Bowed string instrument,"Bowed string instrument, Musical instrument, Music",354336,Audio/Music/354336,FSD50K,354336,,False
Music_138728,Music,Musical,Hi-hat,Hi-hat,"Hi-hat, Cymbal, Percussion, Musical instrument, Music",138728,Audio/Music/138728,FSD50K,138728,,False
Music_357596,Music,Musical,Trumpet,Trumpet,"Trumpet, Brass instrument, Musical instrument, Music",357596,Audio/Music/357596,FSD50K,357596,,False
Music_119293,Music,Musical,Wind instrument and woodwind instrument,Wind instrument and woodwind instrument,"Wind instrument and woodwind instrument, Musical instrument, Music",119293,Audio/Music/119293,FSD50K,119293,,False
Music_426032,Music,Musical,Drum,Drum,"Drum, Drum kit, Percussion, Musical instrument, Music",426032,Audio/Music/426032,FSD50K,426032,,False
Music_126469,Music,Musical,Organ,Organ,"Organ, Keyboard (musical), Musical instrument, Music",126469,Audio/Music/126469,FSD50K,126469,,False
Music_359573,Music,Musical,Wind instrument and woodwind instrument,Wind instrument and woodwind instrument,"Wind instrument and woodwind instrument, Musical instrument, Music",359573,Audio/Music/359573,FSD50K,359573,,False
Music_38912,Music,Musical,Bass drum,Bass drum,"Bass drum, Drum, Percussion, Musical instrument, Music",38912,Audio/Music/38912,FSD50K,38912,,False
Music_239777,Music,Musical,Bass guitar,Bass guitar,"Bass guitar, Guitar, Plucked string instrument, Musical instrument, Music",239777,Audio/Music/239777,FSD50K,239777,,False
Music_81653,Music,Musical,Snare drum,Snare drum,"Snare drum, Drum, Percussion, Musical instrument, Music",81653,Audio/Music/81653,FSD50K,81653,,False
Music_275363,Music,Musical,Bass guitar,Bass guitar,"Bass guitar, Guitar, Plucked string instrument, Musical instrument, Music",275363,Audio/Music/275363,FSD50K,275363,,False
Music_254566,Music,Musical,Drum kit,Drum kit,"Drum kit, Percussion, Musical instrument, Music",254566,Audio/Music/254566,FSD50K,254566,,False
Music_248625,Music,Musical,Wind instrument and woodwind instrument,Wind instrument and woodwind instrument,"Wind instrument and woodwind instrument, Musical instrument, Music",248625,Audio/Music/248625,FSD50K,248625,,False
Music_356933,Music,Musical,Wind instrument and woodwind instrument,Wind instrument and woodwind instrument,"Wind instrument and woodwind instrument, Musical instrument, Music",356933,Audio/Music/356933,FSD50K,356933,,False
Music_426030,Music,Musical,Drum,Drum,"Drum, Drum kit, Percussion, Musical instrument, Music",426030,Audio/Music/426030,FSD50K,426030,,False
Music_374073,Music,Musical,Trumpet,Trumpet,"Trumpet, Brass instrument, Musical instrument, Music",374073,Audio/Music/374073,FSD50K,374073,,False
Music_136017,Music,Musical,Crash cymbal,Crash cymbal,"Crash cymbal, Cymbal, Percussion, Musical instrument, Music",136017,Audio/Music/136017,FSD50K,136017,,False
Music_383647,Music,Musical,Bowed string instrument,Bowed string instrument,"Bowed string instrument, Musical instrument, Music",383647,Audio/Music/383647,FSD50K,383647,,False
Music_65720,Music,Musical,Piano,Piano,"Piano, Keyboard (musical), Musical instrument, Music",65720,Audio/Music/65720,FSD50K,65720,,False
Music_359090,Music,Musical,Wind instrument and woodwind instrument,Wind instrument and woodwind instrument,"Wind instrument and woodwind instrument, Musical instrument, Music",359090,Audio/Music/359090,FSD50K,359090,,False
Music_32003,Music,Musical,Piano,Piano,"Piano, Keyboard (musical), Musical instrument, Music",32003,Audio/Music/32003,FSD50K,32003,,False
Music_405958,Music,Musical,Piano,Piano,"Piano, Keyboard (musical), Musical instrument, Music",405958,Audio/Music/405958,FSD50K,405958,,False
Music_196004,Music,Musical,Piano,Piano,"Piano, Keyboard (musical), Musical instrument, Music",196004,Audio/Music/196004,FSD50K,196004,,False
Music_142278,Music,Musical,Snare drum,Snare drum,"Snare drum, Drum, Percussion, Musical instrument, Music",142278,Audio/Music/142278,FSD50K,142278,,False
Music_148519,Music,Musical,Piano,Piano,"Piano, Keyboard (musical), Musical instrument, Music",148519,Audio/Music/148519,FSD50K,148519,,False
Music_419028,Music,Musical,Drum kit,Drum kit,"Drum kit, Percussion, Musical instrument, Music",419028,Audio/Music/419028,FSD50K,419028,,False
Music_116869,Music,Musical,Harmonica,Harmonica,"Harmonica, Musical instrument, Music",116869,Audio/Music/116869,FSD50K,116869,,False
Music_46703,Music,Musical,Wind instrument and woodwind instrument,Wind instrument and woodwind instrument,"Wind instrument and woodwind instrument, Musical instrument, Music",46703,Audio/Music/46703,FSD50K,46703,,False
Music_357005,Music,Musical,Wind instrument and woodwind instrument,Wind instrument and woodwind instrument,"Wind instrument and woodwind instrument, Musical instrument, Music",357005,Audio/Music/357005,FSD50K,357005,,False
Music_44971,Music,Musical,Hi-hat,Hi-hat,"Hi-hat, Cymbal, Percussion, Musical instrument, Music",44971,Audio/Music/44971,FSD50K,44971,,False
Music_119224,Music,Musical,Wind instrument and woodwind instrument,Wind instrument and woodwind instrument,"Wind instrument and woodwind instrument, Musical instrument, Music",119224,Audio/Music/119224,FSD50K,119224,,False
Music_382847,Music,Musical,Tambourine,Tambourine,"Tambourine, Percussion, Musical instrument, Music",382847,Audio/Music/382847,FSD50K,382847,,False
Music_26776,Music,Musical,Accordion,Accordion,"Accordion, Musical instrument, Music",26776,Audio/Music/26776,FSD50K,26776,,False
Music_246729,Music,Musical,Bowed string instrument,Bowed string instrument,"Bowed string instrument, Musical instrument, Music",246729,Audio/Music/246729,FSD50K,246729,,False
Music_183071,Music,Musical,Acoustic guitar,Acoustic guitar,"Acoustic guitar, Guitar, Plucked string instrument, Musical instrument, Music",183071,Audio/Music/183071,FSD50K,183071,,False
Music_321314,Music,Musical,Organ,Organ,"Organ, Keyboard (musical), Musical instrument, Music",321314,Audio/Music/321314,FSD50K,321314,,False
Music_154022,Music,Musical,Acoustic guitar,Acoustic guitar,"Acoustic guitar, Guitar, Plucked string instrument, Musical instrument, Music",154022,Audio/Music/154022,FSD50K,154022,,False
Music_412456,Music,Musical,Singing,Singing,"Singing, Human voice",412456,Audio/Music/412456,FSD50K,412456,,False
Music_177256,Music,Musical,Plucked string instrument,Plucked string instrument,"Plucked string instrument, Musical instrument, Music",177256,Audio/Music/177256,FSD50K,177256,,False
Music_13198,Music,Musical,Bass drum,Bass drum,"Bass drum, Drum, Percussion, Musical instrument, Music",13198,Audio/Music/13198,FSD50K,13198,,False
Music_40502,Music,Musical,Electric guitar,Electric guitar,"Electric guitar, Guitar, Plucked string instrument, Musical instrument, Music",40502,Audio/Music/40502,FSD50K,40502,,False
Music_354329,Music,Musical,Bowed string instrument,Bowed string instrument,"Bowed string instrument, Musical instrument, Music",354329,Audio/Music/354329,FSD50K,354329,,False
Music_259687,Music,Musical,Organ,Organ,"Organ, Keyboard (musical), Musical instrument, Music",259687,Audio/Music/259687,FSD50K,259687,,False
Music_142264,Music,Musical,Snare drum,Snare drum,"Snare drum, Drum, Percussion, Musical instrument, Music",142264,Audio/Music/142264,FSD50K,142264,,False
Music_40496,Music,Musical,Electric guitar,Electric guitar,"Electric guitar, Guitar, Plucked string instrument, Musical instrument, Music",40496,Audio/Music/40496,FSD50K,40496,,False
Music_247225,Music,Musical,Trumpet,Trumpet,"Trumpet, Brass instrument, Musical instrument, Music",247225,Audio/Music/247225,FSD50K,247225,,False
Music_64743,Music,Musical,Electric guitar,Electric guitar,"Electric guitar, Guitar, Plucked string instrument, Musical instrument, Music",64743,Audio/Music/64743,FSD50K,64743,,False
Music_153614,Music,Musical,Bowed string instrument,Bowed string instrument,"Bowed string instrument, Musical instrument, Music",153614,Audio/Music/153614,FSD50K,153614,,False
Music_256371,Music,Musical,Singing,Singing,"Singing, Human voice",256371,Audio/Music/256371,FSD50K,256371,,False
Music_377349,Music,Musical,Hi-hat,Hi-hat,"Hi-hat, Cymbal, Percussion, Musical instrument, Music",377349,Audio/Music/377349,FSD50K,377349,,False
Music_355273,Music,Musical,Wind instrument and woodwind instrument,Wind instrument and woodwind instrument,"Wind instrument and woodwind instrument, Musical instrument, Music",355273,Audio/Music/355273,FSD50K,355273,,False
Music_13455,Music,Musical,Wind instrument and woodwind instrument,Wind instrument and woodwind instrument,"Wind instrument and woodwind instrument, Musical instrument, Music",13455,Audio/Music/13455,FSD50K,13455,,False
Music_355277,Music,Musical,Wind instrument and woodwind instrument,Wind instrument and woodwind instrument,"Wind instrument and woodwind instrument, Musical instrument, Music",355277,Audio/Music/355277,FSD50K,355277,,False
Music_154350,Music,Musical,Wind instrument and woodwind instrument,Wind instrument and woodwind instrument,"Wind instrument and woodwind instrument, Musical instrument, Music",154350,Audio/Music/154350,FSD50K,154350,,False
Music_14303,Music,Musical,Strum,Strum,"Strum, Guitar, Plucked string instrument, Musical instrument, Music",14303,Audio/Music/14303,FSD50K,14303,,False
Music_247907,Music,Musical,Bowed string instrument,Bowed string instrument,"Bowed string instrument, Musical instrument, Music",247907,Audio/Music/247907,FSD50K,247907,,False
Music_275367,Music,Musical,Bass guitar,Bass guitar,"Bass guitar, Guitar, Plucked string instrument, Musical instrument, Music",275367,Audio/Music/275367,FSD50K,275367,,False
Music_354888,Music,Musical,Wind instrument and woodwind instrument,Wind instrument and woodwind instrument,"Wind instrument and woodwind instrument, Musical instrument, Music",354888,Audio/Music/354888,FSD50K,354888,,False
Music_162941,Music,Musical,Bass guitar,Bass guitar,"Bass guitar, Guitar, Plucked string instrument, Musical instrument, Music",162941,Audio/Music/162941,FSD50K,162941,,False
Music_316010,Music,Musical,Piano,Piano,"Piano, Keyboard (musical), Musical instrument, Music",316010,Audio/Music/316010,FSD50K,316010,,False
Music_248972,Music,Musical,Wind instrument and woodwind instrument,Wind instrument and woodwind instrument,"Wind instrument and woodwind instrument, Musical instrument, Music",248972,Audio/Music/248972,FSD50K,248972,,False
Music_154352,Music,Musical,Wind instrument and woodwind instrument,Wind instrument and woodwind instrument,"Wind instrument and woodwind instrument, Musical instrument, Music",154352,Audio/Music/154352,FSD50K,154352,,False
Music_143337,Music,Musical,Snare drum,Snare drum,"Snare drum, Drum, Percussion, Musical instrument, Music",143337,Audio/Music/143337,FSD50K,143337,,False
Music_358759,Music,Musical,Wind instrument and woodwind instrument,Wind instrument and woodwind instrument,"Wind instrument and woodwind instrument, Musical instrument, Music",358759,Audio/Music/358759,FSD50K,358759,,False
Music_248822,Music,Musical,Wind instrument and woodwind instrument,Wind instrument and woodwind instrument,"Wind instrument and woodwind instrument, Musical instrument, Music",248822,Audio/Music/248822,FSD50K,248822,,False
Music_373600,Music,Musical,Wind instrument and woodwind instrument,Wind instrument and woodwind instrument,"Wind instrument and woodwind instrument, Musical instrument, Music",373600,Audio/Music/373600,FSD50K,373600,,False
Music_138847,Music,Musical,Hi-hat,Hi-hat,"Hi-hat, Cymbal, Percussion, Musical instrument, Music",138847,Audio/Music/138847,FSD50K,138847,,False
Music_354485,Music,Musical,Wind instrument and woodwind instrument,Wind instrument and woodwind instrument,"Wind instrument and woodwind instrument, Musical instrument, Music",354485,Audio/Music/354485,FSD50K,354485,,False
Music_19545,Music,Musical,Singing,Singing,"Singing, Human voice",19545,Audio/Music/19545,FSD50K,19545,,False
Music_374443,Music,Musical,Bowed string instrument,Bowed string instrument,"Bowed string instrument, Musical instrument, Music",374443,Audio/Music/374443,FSD50K,374443,,False
Music_333747,Music,Musical,Organ,Organ,"Organ, Keyboard (musical), Musical instrument, Music",333747,Audio/Music/333747,FSD50K,333747,,False
Music_248847,Music,Musical,Wind instrument and woodwind instrument,Wind instrument and woodwind instrument,"Wind instrument and woodwind instrument, Musical instrument, Music",248847,Audio/Music/248847,FSD50K,248847,,False
Music_252320,Music,Musical,Acoustic guitar,Acoustic guitar,"Acoustic guitar, Guitar, Plucked string instrument, Musical instrument, Music",252320,Audio/Music/252320,FSD50K,252320,,False
Music_195065,Music,Musical,Piano,Piano,"Piano, Keyboard (musical), Musical instrument, Music",195065,Audio/Music/195065,FSD50K,195065,,False
Lab_211608,Lab,Electroacoustic,Typing,Typing,"Typing, Domestic sounds and home sounds",211608,Audio/Lab/211608,FSD50K,211608,,False
Lab_352958,Lab,Electroacoustic,Telephone,Telephone,"Telephone, Typing, Alarm, Domestic sounds and home sounds",352958,Audio/Lab/352958,FSD50K,352958,,False
Lab_254723,Lab,Electroacoustic,Squeak,Squeak,"Squeak, Cupboard open or close, Domestic sounds and home sounds",254723,Audio/Lab/254723,FSD50K,254723,,False
Lab_88820,Lab,Electroacoustic,Glass,Glass,Glass,88820,Audio/Lab/88820,FSD50K,88820,,False
Lab_90975,Lab,Electroacoustic,Cowbell,Cowbell,"Cowbell, Bell",90975,Audio/Lab/90975,FSD50K,90975,,False
Lab_135699,Lab,Electroacoustic,Glass,Glass,Glass,135699,Audio/Lab/135699,FSD50K,135699,,False
Lab_90546,Lab,Electroacoustic,Cowbell,Cowbell,"Cowbell, Bell",90546,Audio/Lab/90546,FSD50K,90546,,False
Lab_267290,Lab,Electroacoustic,Glass,Glass,Glass,267290,Audio/Lab/267290,FSD50K,267290,,False
Lab_273891,Lab,Electroacoustic,Wind chime,Wind chime,"Wind chime, Chime, Bell",273891,Audio/Lab/273891,FSD50K,273891,,False
Lab_209310,Lab,Electroacoustic,Fireworks,Fireworks,"Fireworks, Explosion",209310,Audio/Lab/209310,FSD50K,209310,,False
Lab_90541,Lab,Electroacoustic,Cowbell,Cowbell,"Cowbell, Bell",90541,Audio/Lab/90541,FSD50K,90541,,False
Lab_186925,Lab,Electroacoustic,Boom,Boom,"Boom, Explosion",186925,Audio/Lab/186925,FSD50K,186925,,False
Lab_228611,Lab,Electroacoustic,Gunshot and gunfire,Gunshot and gunfire,"Gunshot and gunfire, Explosion",228611,Audio/Lab/228611,FSD50K,228611,,False
Lab_377687,Lab,Electroacoustic,Bell,Bell,Bell,377687,Audio/Lab/377687,FSD50K,377687,,False
Lab_377723,Lab,Electroacoustic,Bell,Bell,Bell,377723,Audio/Lab/377723,FSD50K,377723,,False
Lab_353928,Lab,Electroacoustic,Shatter,Shatter,"Shatter, Explosion, Boom, Glass",353928,Audio/Lab/353928,FSD50K,353928,,False
Lab_402521,Lab,Electroacoustic,Bell,Bell,Bell,402521,Audio/Lab/402521,FSD50K,402521,,False
Lab_173605,Lab,Electroacoustic,Shatter,Shatter,"Shatter, Glass",173605,Audio/Lab/173605,FSD50K,173605,,False
Lab_408225,Lab,Electroacoustic,Glass,Glass,Glass,408225,Audio/Lab/408225,FSD50K,408225,,False
Lab_318967,Lab,Electroacoustic,Fireworks,Fireworks,"Fireworks, Explosion",318967,Audio/Lab/318967,FSD50K,318967,,False
Lab_17872,Lab,Electroacoustic,Squeak,Squeak,Squeak,17872,Audio/Lab/17872,FSD50K,17872,,False
Lab_345844,Lab,Electroacoustic,Gunshot and gunfire,Gunshot and gunfire,"Gunshot and gunfire, Explosion",345844,Audio/Lab/345844,FSD50K,345844,,False
Lab_91187,Lab,Electroacoustic,Cowbell,Cowbell,"Cowbell, Bell",91187,Audio/Lab/91187,FSD50K,91187,,False
Lab_198345,Lab,Electroacoustic,Fireworks,Fireworks,"Fireworks, Explosion",198345,Audio/Lab/198345,FSD50K,198345,,False
Lab_173558,Lab,Electroacoustic,Shatter,Shatter,"Shatter, Glass",173558,Audio/Lab/173558,FSD50K,173558,,False
Lab_109830,Lab,Electroacoustic,Squeak,Squeak,Squeak,109830,Audio/Lab/109830,FSD50K,109830,,False
Lab_49168,Lab,Electroacoustic,Wind chime,Wind chime,"Wind chime, Chime, Bell",49168,Audio/Lab/49168,FSD50K,49168,,False
Lab_152888,Lab,Electroacoustic,Squeak,Squeak,"Squeak, Door, Domestic sounds and home sounds",152888,Audio/Lab/152888,FSD50K,152888,,False
Lab_208696,Lab,Electroacoustic,Shatter,Shatter,"Shatter, Crushing, Glass",208696,Audio/Lab/208696,FSD50K,208696,,False
Lab_256438,Lab,Electroacoustic,Typing,Typing,"Typing, Domestic sounds and home sounds",256438,Audio/Lab/256438,FSD50K,256438,,False
Lab_67479,Lab,Electroacoustic,Explosion,Explosion,Explosion,67479,Audio/Lab/67479,FSD50K,67479,,False
Lab_372091,Lab,Electroacoustic,Chime,Chime,"Chime, Bell",372091,Audio/Lab/372091,FSD50K,372091,,False
Lab_40969,Lab,Electroacoustic,Fireworks,Fireworks,"Fireworks, Explosion",40969,Audio/Lab/40969,FSD50K,40969,,False
Lab_259976,Lab,Electroacoustic,Squeak,Squeak,"Squeak, Rattle, Sliding door, Slam, Breathing, Respiratory sounds, Door, Domestic sounds and home sounds",259976,Audio/Lab/259976,FSD50K,259976,,False
Lab_204143,Lab,Electroacoustic,Shatter,Shatter,"Shatter, Glass",204143,Audio/Lab/204143,FSD50K,204143,,False
Lab_179173,Lab,Electroacoustic,Dishes and pots and pans,Dishes and pots and pans,"Dishes and pots and pans, Glass, Bell, Domestic sounds and home sounds",179173,Audio/Lab/179173,FSD50K,179173,,False
Lab_179233,Lab,Electroacoustic,Shatter,Shatter,"Shatter, Glass",179233,Audio/Lab/179233,FSD50K,179233,,False
Lab_186929,Lab,Electroacoustic,Boom,Boom,"Boom, Explosion",186929,Audio/Lab/186929,FSD50K,186929,,False
Lab_2510,Lab,Electroacoustic,Fireworks,Fireworks,"Fireworks, Explosion",2510,Audio/Lab/2510,FSD50K,2510,,False
Lab_211881,Lab,Electroacoustic,Explosion,Explosion,Explosion,211881,Audio/Lab/211881,FSD50K,211881,,False
Lab_89875,Lab,Electroacoustic,Tap,Tap,"Tap, Hammer, Glass, Tools",89875,Audio/Lab/89875,FSD50K,89875,,False
Lab_238420,Lab,Electroacoustic,Squeak,Squeak,Squeak,238420,Audio/Lab/238420,FSD50K,238420,,False
Lab_216290,Lab,Electroacoustic,Shatter,Shatter,"Shatter, Glass",216290,Audio/Lab/216290,FSD50K,216290,,False
Lab_67576,Lab,Electroacoustic,Gunshot and gunfire,Gunshot and gunfire,"Gunshot and gunfire, Explosion",67576,Audio/Lab/67576,FSD50K,67576,,False
Lab_144510,Lab,Electroacoustic,Knock,Knock,"Knock, Door, Domestic sounds and home sounds",144510,Audio/Lab/144510,FSD50K,144510,,False
Lab_126878,Lab,Electroacoustic,Shatter,Shatter,"Shatter, Glass",126878,Audio/Lab/126878,FSD50K,126878,,False
Lab_137034,Lab,Electroacoustic,Gunshot and gunfire,Gunshot and gunfire,"Gunshot and gunfire, Explosion",137034,Audio/Lab/137034,FSD50K,137034,,False
Lab_220613,Lab,Electroacoustic,Gunshot and gunfire,Gunshot and gunfire,"Gunshot and gunfire, Explosion",220613,Audio/Lab/220613,FSD50K,220613,,False
Lab_136544,Lab,Electroacoustic,Knock,Knock,"Knock, Door, Domestic sounds and home sounds",136544,Audio/Lab/136544,FSD50K,136544,,False
Lab_62987,Lab,Electroacoustic,Chime,Chime,"Chime, Bell",62987,Audio/Lab/62987,FSD50K,62987,,False
Lab_369126,Lab,Electroacoustic,Gunshot and gunfire,Gunshot and gunfire,"Gunshot and gunfire, Explosion",369126,Audio/Lab/369126,FSD50K,369126,,False
Lab_35866,Lab,Electroacoustic,Bell,Bell,Bell,35866,Audio/Lab/35866,FSD50K,35866,,False
Lab_104367,Lab,Electroacoustic,Squeak,Squeak,Squeak,104367,Audio/Lab/104367,FSD50K,104367,,False
Lab_90545,Lab,Electroacoustic,Cowbell,Cowbell,"Cowbell, Bell",90545,Audio/Lab/90545,FSD50K,90545,,False
Lab_372917,Lab,Electroacoustic,Knock,Knock,"Knock, Door, Domestic sounds and home sounds",372917,Audio/Lab/372917,FSD50K,372917,,False
Lab_51709,Lab,Electroacoustic,Chime,Chime,"Chime, Bell",51709,Audio/Lab/51709,FSD50K,51709,,False
Lab_42113,Lab,Electroacoustic,Squeak,Squeak,Squeak,42113,Audio/Lab/42113,FSD50K,42113,,False
Lab_193956,Lab,Electroacoustic,Typewriter,Typewriter,"Typewriter, Typing, Domestic sounds and home sounds",193956,Audio/Lab/193956,FSD50K,193956,,False
Lab_179230,Lab,Electroacoustic,Shatter,Shatter,"Shatter, Glass",179230,Audio/Lab/179230,FSD50K,179230,,False
Lab_242444,Lab,Electroacoustic,Glass,Glass,Glass,242444,Audio/Lab/242444,FSD50K,242444,,False
Lab_73061,Lab,Electroacoustic,Squeak,Squeak,Squeak,73061,Audio/Lab/73061,FSD50K,73061,,False
Lab_89811,Lab,Electroacoustic,Glass,Glass,Glass,89811,Audio/Lab/89811,FSD50K,89811,,False
Lab_89914,Lab,Electroacoustic,Tap,Tap,"Tap, Glass",89914,Audio/Lab/89914,FSD50K,89914,,False
Lab_377046,Lab,Electroacoustic,Glass,Glass,Glass,377046,Audio/Lab/377046,FSD50K,377046,,False
Lab_80401,Lab,Electroacoustic,Explosion,Explosion,Explosion,80401,Audio/Lab/80401,FSD50K,80401,,False
Lab_390718,Lab,Electroacoustic,Shatter,Shatter,"Shatter, Glass",390718,Audio/Lab/390718,FSD50K,390718,,False
Lab_50405,Lab,Electroacoustic,Wind chime,Wind chime,"Wind chime, Chime, Bell",50405,Audio/Lab/50405,FSD50K,50405,,False
Lab_193955,Lab,Electroacoustic,Typewriter,Typewriter,"Typewriter, Typing, Domestic sounds and home sounds",193955,Audio/Lab/193955,FSD50K,193955,,False
Lab_416288,Lab,Electroacoustic,Chink and clink,Chink and clink,"Chink and clink, Glass",416288,Audio/Lab/416288,FSD50K,416288,,False
Lab_11567,Lab,Electroacoustic,Squeak,Squeak,Squeak,11567,Audio/Lab/11567,FSD50K,11567,,False
Lab_193973,Lab,Electroacoustic,Typewriter,Typewriter,"Typewriter, Typing, Domestic sounds and home sounds",193973,Audio/Lab/193973,FSD50K,193973,,False
Lab_138332,Lab,Electroacoustic,Squeak,Squeak,Squeak,138332,Audio/Lab/138332,FSD50K,138332,,False
Lab_319943,Lab,Electroacoustic,Typewriter,Typewriter,"Typewriter, Typing, Domestic sounds and home sounds",319943,Audio/Lab/319943,FSD50K,319943,,False
Lab_65911,Lab,Electroacoustic,Church bell,Church bell,"Church bell, Bell",65911,Audio/Lab/65911,FSD50K,65911,,False
Lab_339638,Lab,Electroacoustic,Chink and clink,Chink and clink,"Chink and clink, Glass",339638,Audio/Lab/339638,FSD50K,339638,,False
Lab_379407,Lab,Electroacoustic,Chink and clink,Chink and clink,"Chink and clink, Glass",379407,Audio/Lab/379407,FSD50K,379407,,False
Lab_57464,Lab,Electroacoustic,Squeak,Squeak,Squeak,57464,Audio/Lab/57464,FSD50K,57464,,False
Lab_370916,Lab,Electroacoustic,Knock,Knock,"Knock, Door, Domestic sounds and home sounds",370916,Audio/Lab/370916,FSD50K,370916,,False
Lab_187534,Lab,Electroacoustic,Gunshot and gunfire,Gunshot and gunfire,"Gunshot and gunfire, Explosion",187534,Audio/Lab/187534,FSD50K,187534,,False
Lab_387349,Lab,Electroacoustic,Shatter,Shatter,"Shatter, Glass",387349,Audio/Lab/387349,FSD50K,387349,,False
Lab_186013,Lab,Electroacoustic,Typing,Typing,"Typing, Domestic sounds and home sounds",186013,Audio/Lab/186013,FSD50K,186013,,False
Lab_198351,Lab,Electroacoustic,Fireworks,Fireworks,"Fireworks, Explosion",198351,Audio/Lab/198351,FSD50K,198351,,False
Lab_234178,Lab,Electroacoustic,Squeak,Squeak,Squeak,234178,Audio/Lab/234178,FSD50K,234178,,False
Lab_264135,Lab,Electroacoustic,Squeak,Squeak,Squeak,264135,Audio/Lab/264135,FSD50K,264135,,False
Lab_46263,Lab,Electroacoustic,Gunshot and gunfire,Gunshot and gunfire,"Gunshot and gunfire, Explosion",46263,Audio/Lab/46263,FSD50K,46263,,False
Lab_275100,Lab,Electroacoustic,Squeak,Squeak,"Squeak, Slam, Door, Domestic sounds and home sounds",275100,Audio/Lab/275100,FSD50K,275100,,False
Lab_9679,Lab,Electroacoustic,Fireworks,Fireworks,"Fireworks, Explosion",9679,Audio/Lab/9679,FSD50K,9679,,False
Lab_162361,Lab,Electroacoustic,Boom,Boom,"Boom, Explosion",162361,Audio/Lab/162361,FSD50K,162361,,False
Lab_133851,Lab,Electroacoustic,Knock,Knock,"Knock, Door, Domestic sounds and home sounds",133851,Audio/Lab/133851,FSD50K,133851,,False
Lab_140617,Lab,Electroacoustic,Glass,Glass,Glass,140617,Audio/Lab/140617,FSD50K,140617,,False
Lab_162258,Lab,Electroacoustic,Gunshot and gunfire,Gunshot and gunfire,"Gunshot and gunfire, Explosion",162258,Audio/Lab/162258,FSD50K,162258,,False
Lab_149268,Lab,Electroacoustic,Bell,Bell,Bell,149268,Audio/Lab/149268,FSD50K,149268,,False
Lab_334963,Lab,Electroacoustic,Computer keyboard,Computer keyboard,"Computer keyboard, Typing, Domestic sounds and home sounds",334963,Audio/Lab/334963,FSD50K,334963,,False
Lab_339809,Lab,Electroacoustic,Bell,Bell,Bell,339809,Audio/Lab/339809,FSD50K,339809,,False
Lab_88958,Lab,Electroacoustic,Tap,Tap,"Tap, Glass",88958,Audio/Lab/88958,FSD50K,88958,,False
Lab_272480,Lab,Electroacoustic,Chink and clink,Chink and clink,"Chink and clink, Glass",272480,Audio/Lab/272480,FSD50K,272480,,False
Lab_434244,Lab,Electroacoustic,Fireworks,Fireworks,"Fireworks, Explosion",434244,Audio/Lab/434244,FSD50K,434244,,False
Lab_128294,Lab,Electroacoustic,Gunshot and gunfire,Gunshot and gunfire,"Gunshot and gunfire, Explosion",128294,Audio/Lab/128294,FSD50K,128294,,False
Lab_430702,Lab,Electroacoustic,Shatter,Shatter,"Shatter, Glass",430702,Audio/Lab/430702,FSD50K,430702,,False
Lab_238243,Lab,Electroacoustic,Gunshot and gunfire,Gunshot and gunfire,"Gunshot and gunfire, Explosion",238243,Audio/Lab/238243,FSD50K,238243,,False
Lab_186531,Lab,Electroacoustic,Chink and clink,Chink and clink,"Chink and clink, Glass",186531,Audio/Lab/186531,FSD50K,186531,,False
Lab_11728,Lab,Electroacoustic,Squeak,Squeak,Squeak,11728,Audio/Lab/11728,FSD50K,11728,,False
Lab_214041,Lab,Electroacoustic,Bell,Bell,Bell,214041,Audio/Lab/214041,FSD50K,214041,,False
Lab_201285,Lab,Electroacoustic,Squeak,Squeak,"Squeak, Tap",201285,Audio/Lab/201285,FSD50K,201285,,False
Lab_113138,Lab,Electroacoustic,Knock,Knock,"Knock, Door, Domestic sounds and home sounds",113138,Audio/Lab/113138,FSD50K,113138,,False
Lab_193860,Lab,Electroacoustic,Knock,Knock,"Knock, Door, Domestic sounds and home sounds",193860,Audio/Lab/193860,FSD50K,193860,,False
Lab_322489,Lab,Electroacoustic,Boom,Boom,"Boom, Explosion",322489,Audio/Lab/322489,FSD50K,322489,,False
Lab_209306,Lab,Electroacoustic,Fireworks,Fireworks,"Fireworks, Explosion",209306,Audio/Lab/209306,FSD50K,209306,,False
Lab_37311,Lab,Electroacoustic,Church bell,Church bell,"Church bell, Bell",37311,Audio/Lab/37311,FSD50K,37311,,False
Lab_397923,Lab,Electroacoustic,Glass,Glass,Glass,397923,Audio/Lab/397923,FSD50K,397923,,False
Lab_341420,Lab,Electroacoustic,Coin (dropping),Coin (dropping),"Coin (dropping), Glass, Domestic sounds and home sounds",341420,Audio/Lab/341420,FSD50K,341420,,False
Lab_260434,Lab,Electroacoustic,Shatter,Shatter,"Shatter, Glass",260434,Audio/Lab/260434,FSD50K,260434,,False
Lab_51038,Lab,Electroacoustic,Tap,Tap,"Tap, Glass",51038,Audio/Lab/51038,FSD50K,51038,,False
Lab_147213,Lab,Electroacoustic,Squeak,Squeak,Squeak,147213,Audio/Lab/147213,FSD50K,147213,,False
Lab_126889,Lab,Electroacoustic,Glass,Glass,Glass,126889,Audio/Lab/126889,FSD50K,126889,,False
Lab_14363,Lab,Electroacoustic,Glass,Glass,Glass,14363,Audio/Lab/14363,FSD50K,14363,,False
Lab_360604,Lab,Electroacoustic,Typewriter,Typewriter,"Typewriter, Typing, Domestic sounds and home sounds",360604,Audio/Lab/360604,FSD50K,360604,,False
Lab_90973,Lab,Electroacoustic,Cowbell,Cowbell,"Cowbell, Bell",90973,Audio/Lab/90973,FSD50K,90973,,False
Lab_10441,Lab,Electroacoustic,Bell,Bell,Bell,10441,Audio/Lab/10441,FSD50K,10441,,False
Lab_155191,Lab,Electroacoustic,Squeak,Squeak,Squeak,155191,Audio/Lab/155191,FSD50K,155191,,False
Lab_62969,Lab,Electroacoustic,Chime,Chime,"Chime, Bell",62969,Audio/Lab/62969,FSD50K,62969,,False
Lab_89597,Lab,Electroacoustic,Boom,Boom,"Boom, Explosion",89597,Audio/Lab/89597,FSD50K,89597,,False
Lab_396423,Lab,Electroacoustic,Glass,Glass,"Glass, Bell",396423,Audio/Lab/396423,FSD50K,396423,,False
Lab_390707,Lab,Electroacoustic,Shatter,Shatter,"Shatter, Glass",390707,Audio/Lab/390707,FSD50K,390707,,False
Lab_366353,Lab,Electroacoustic,Mechanical fan,Mechanical fan,"Mechanical fan, Mechanisms",366353,Audio/Lab/366353,FSD50K,366353,,False
Lab_54362,Lab,Electroacoustic,Chink and clink,Chink and clink,"Chink and clink, Glass",54362,Audio/Lab/54362,FSD50K,54362,,False
Lab_411057,Lab,Electroacoustic,Bell,Bell,Bell,411057,Audio/Lab/411057,FSD50K,411057,,False
Lab_268575,Lab,Electroacoustic,Typing,Typing,"Typing, Domestic sounds and home sounds",268575,Audio/Lab/268575,FSD50K,268575,,False
Lab_53284,Lab,Electroacoustic,Chime,Chime,"Chime, Bell",53284,Audio/Lab/53284,FSD50K,53284,,False
Lab_399665,Lab,Electroacoustic,Knock,Knock,"Knock, Door, Wood, Domestic sounds and home sounds",399665,Audio/Lab/399665,FSD50K,399665,,False
Lab_67571,Lab,Electroacoustic,Gunshot and gunfire,Gunshot and gunfire,"Gunshot and gunfire, Explosion",67571,Audio/Lab/67571,FSD50K,67571,,False
Lab_51715,Lab,Electroacoustic,Chime,Chime,"Chime, Bell",51715,Audio/Lab/51715,FSD50K,51715,,False
Lab_404073,Lab,Electroacoustic,Squeak,Squeak,"Squeak, Slam, Door, Domestic sounds and home sounds",404073,Audio/Lab/404073,FSD50K,404073,,False
Lab_268826,Lab,Electroacoustic,Computer keyboard,Computer keyboard,"Computer keyboard, Typing, Domestic sounds and home sounds",268826,Audio/Lab/268826,FSD50K,268826,,False
Lab_162265,Lab,Electroacoustic,Boom,Boom,"Boom, Explosion",162265,Audio/Lab/162265,FSD50K,162265,,False
Lab_426216,Lab,Electroacoustic,Church bell,Church bell,"Church bell, Bell",426216,Audio/Lab/426216,FSD50K,426216,,False
Lab_382823,Lab,Electroacoustic,Cowbell,Cowbell,"Cowbell, Bell",382823,Audio/Lab/382823,FSD50K,382823,,False
Lab_245581,Lab,Electroacoustic,Explosion,Explosion,Explosion,245581,Audio/Lab/245581,FSD50K,245581,,False
Lab_174189,Lab,Electroacoustic,Bell,Bell,Bell,174189,Audio/Lab/174189,FSD50K,174189,,False
Lab_179174,Lab,Electroacoustic,Dishes and pots and pans,Dishes and pots and pans,"Dishes and pots and pans, Glass, Domestic sounds and home sounds",179174,Audio/Lab/179174,FSD50K,179174,,False
Lab_91009,Lab,Electroacoustic,Cowbell,Cowbell,"Cowbell, Bell",91009,Audio/Lab/91009,FSD50K,91009,,False
Lab_193975,Lab,Electroacoustic,Fireworks,Fireworks,"Fireworks, Explosion",193975,Audio/Lab/193975,FSD50K,193975,,False
Lab_365905,Lab,Electroacoustic,Gunshot and gunfire,Gunshot and gunfire,"Gunshot and gunfire, Explosion",365905,Audio/Lab/365905,FSD50K,365905,,False
Lab_320135,Lab,Electroacoustic,Gunshot and gunfire,Gunshot and gunfire,"Gunshot and gunfire, Explosion",320135,Audio/Lab/320135,FSD50K,320135,,False
Lab_219047,Lab,Electroacoustic,Church bell,Church bell,"Church bell, Bell",219047,Audio/Lab/219047,FSD50K,219047,,False
Lab_122770,Lab,Electroacoustic,Squeak,Squeak,"Squeak, Door, Domestic sounds and home sounds",122770,Audio/Lab/122770,FSD50K,122770,,False
Lab_110459,Lab,Electroacoustic,Chink and clink,Chink and clink,"Chink and clink, Glass",110459,Audio/Lab/110459,FSD50K,110459,,False
Lab_216299,Lab,Electroacoustic,Shatter,Shatter,"Shatter, Glass",216299,Audio/Lab/216299,FSD50K,216299,,False
Lab_35643,Lab,Electroacoustic,Boom,Boom,"Boom, Explosion",35643,Audio/Lab/35643,FSD50K,35643,,False
Lab_90544,Lab,Electroacoustic,Cowbell,Cowbell,"Cowbell, Bell",90544,Audio/Lab/90544,FSD50K,90544,,False
Lab_346211,Lab,Electroacoustic,Squeak,Squeak,Squeak,346211,Audio/Lab/346211,FSD50K,346211,,False
Lab_173619,Lab,Electroacoustic,Shatter,Shatter,"Shatter, Glass",173619,Audio/Lab/173619,FSD50K,173619,,False
Lab_426259,Lab,Electroacoustic,Typing,Typing,"Typing, Domestic sounds and home sounds",426259,Audio/Lab/426259,FSD50K,426259,,False
Lab_145609,Lab,Electroacoustic,Gunshot and gunfire,Gunshot and gunfire,"Gunshot and gunfire, Explosion",145609,Audio/Lab/145609,FSD50K,145609,,False
Lab_91159,Lab,Electroacoustic,Cowbell,Cowbell,"Cowbell, Bell",91159,Audio/Lab/91159,FSD50K,91159,,False
Lab_90547,Lab,Electroacoustic,Cowbell,Cowbell,"Cowbell, Bell",90547,Audio/Lab/90547,FSD50K,90547,,False
Lab_153339,Lab,Electroacoustic,Typing,Typing,"Typing, Domestic sounds and home sounds",153339,Audio/Lab/153339,FSD50K,153339,,False
Lab_9164,Lab,Electroacoustic,Glass,Glass,Glass,9164,Audio/Lab/9164,FSD50K,9164,,False
Lab_389702,Lab,Electroacoustic,Typing,Typing,"Typing, Domestic sounds and home sounds",389702,Audio/Lab/389702,FSD50K,389702,,False
Lab_332628,Lab,Electroacoustic,Explosion,Explosion,Explosion,332628,Audio/Lab/332628,FSD50K,332628,,False
Lab_257551,Lab,Electroacoustic,Wind chime,Wind chime,"Wind chime, Chime, Bell",257551,Audio/Lab/257551,FSD50K,257551,,False
Lab_89815,Lab,Electroacoustic,Glass,Glass,Glass,89815,Audio/Lab/89815,FSD50K,89815,,False
Lab_75153,Lab,Electroacoustic,Fireworks,Fireworks,"Fireworks, Explosion",75153,Audio/Lab/75153,FSD50K,75153,,False
Lab_196378,Lab,Electroacoustic,Bell,Bell,"Bell, Doorbell, Door, Domestic sounds and home sounds, Alarm",196378,Audio/Lab/196378,FSD50K,196378,,False
Lab_339654,Lab,Electroacoustic,Chink and clink,Chink and clink,"Chink and clink, Glass",339654,Audio/Lab/339654,FSD50K,339654,,False
Lab_259974,Lab,Electroacoustic,Squeak,Squeak,"Squeak, Sliding door, Slam, Door, Domestic sounds and home sounds",259974,Audio/Lab/259974,FSD50K,259974,,False
Lab_56954,Lab,Electroacoustic,Fireworks,Fireworks,"Fireworks, Explosion",56954,Audio/Lab/56954,FSD50K,56954,,False
Lab_434273,Lab,Electroacoustic,Fireworks,Fireworks,"Fireworks, Explosion",434273,Audio/Lab/434273,FSD50K,434273,,False
Lab_339648,Lab,Electroacoustic,Chink and clink,Chink and clink,"Chink and clink, Glass",339648,Audio/Lab/339648,FSD50K,339648,,False
Lab_264136,Lab,Electroacoustic,Squeak,Squeak,Squeak,264136,Audio/Lab/264136,FSD50K,264136,,False
Lab_175261,Lab,Electroacoustic,Explosion,Explosion,Explosion,175261,Audio/Lab/175261,FSD50K,175261,,False
Lab_339445,Lab,Electroacoustic,Chime,Chime,"Chime, Bell",339445,Audio/Lab/339445,FSD50K,339445,,False
Lab_32799,Lab,Electroacoustic,Gunshot and gunfire,Gunshot and gunfire,"Gunshot and gunfire, Explosion",32799,Audio/Lab/32799,FSD50K,32799,,False
Lab_91182,Lab,Electroacoustic,Cowbell,Cowbell,"Cowbell, Bell",91182,Audio/Lab/91182,FSD50K,91182,,False
Lab_32214,Lab,Electroacoustic,Squeak,Squeak,"Squeak, Thump and thud",32214,Audio/Lab/32214,FSD50K,32214,,False
Lab_93845,Lab,Electroacoustic,Boom,Boom,"Boom, Explosion",93845,Audio/Lab/93845,FSD50K,93845,,False
Lab_331913,Lab,Electroacoustic,Glass,Glass,Glass,331913,Audio/Lab/331913,FSD50K,331913,,False
Lab_235463,Lab,Electroacoustic,Wind chime,Wind chime,"Wind chime, Chime, Bell",235463,Audio/Lab/235463,FSD50K,235463,,False
Lab_349820,Lab,Electroacoustic,Fireworks,Fireworks,"Fireworks, Explosion",349820,Audio/Lab/349820,FSD50K,349820,,False
Lab_51464,Lab,Electroacoustic,Explosion,Explosion,Explosion,51464,Audio/Lab/51464,FSD50K,51464,,False
Lab_25006,Lab,Electroacoustic,Fireworks,Fireworks,"Fireworks, Explosion",25006,Audio/Lab/25006,FSD50K,25006,,False
Lab_366179,Lab,Electroacoustic,Shatter,Shatter,"Shatter, Glass",366179,Audio/Lab/366179,FSD50K,366179,,False
Lab_377674,Lab,Electroacoustic,Bell,Bell,Bell,377674,Audio/Lab/377674,FSD50K,377674,,False
Lab_173579,Lab,Electroacoustic,Shatter,Shatter,"Shatter, Glass",173579,Audio/Lab/173579,FSD50K,173579,,False
Lab_67581,Lab,Electroacoustic,Gunshot and gunfire,Gunshot and gunfire,"Gunshot and gunfire, Explosion",67581,Audio/Lab/67581,FSD50K,67581,,False
Lab_258180,Lab,Electroacoustic,Ringtone,Ringtone,"Ringtone, Bell, Telephone, Alarm",258180,Audio/Lab/258180,FSD50K,258180,,False
Lab_46330,Lab,Electroacoustic,Fireworks,Fireworks,"Fireworks, Explosion",46330,Audio/Lab/46330,FSD50K,46330,,False
Lab_255622,Lab,Electroacoustic,Glass,Glass,Glass,255622,Audio/Lab/255622,FSD50K,255622,,False
Lab_427613,Lab,Electroacoustic,Knock,Knock,"Knock, Door, Wood, Domestic sounds and home sounds",427613,Audio/Lab/427613,FSD50K,427613,,False
Lab_379288,Lab,Electroacoustic,Squeak,Squeak,"Squeak, Walk and footsteps, Chatter, Human group actions",379288,Audio/Lab/379288,FSD50K,379288,,False
Lab_413105,Lab,Electroacoustic,Gunshot and gunfire,Gunshot and gunfire,"Gunshot and gunfire, Explosion",413105,Audio/Lab/413105,FSD50K,413105,,False
Lab_379130,Lab,Electroacoustic,Glass,Glass,Glass,379130,Audio/Lab/379130,FSD50K,379130,,False
Lab_382805,Lab,Electroacoustic,Cowbell,Cowbell,"Cowbell, Bell",382805,Audio/Lab/382805,FSD50K,382805,,False
Lab_24245,Lab,Electroacoustic,Squeak,Squeak,"Squeak, Cupboard open or close, Door, Domestic sounds and home sounds",24245,Audio/Lab/24245,FSD50K,24245,,False
Lab_341412,Lab,Electroacoustic,Coin (dropping),Coin (dropping),"Coin (dropping), Glass, Domestic sounds and home sounds",341412,Audio/Lab/341412,FSD50K,341412,,False
Lab_216286,Lab,Electroacoustic,Shatter,Shatter,"Shatter, Glass",216286,Audio/Lab/216286,FSD50K,216286,,False
Lab_67593,Lab,Electroacoustic,Gunshot and gunfire,Gunshot and gunfire,"Gunshot and gunfire, Explosion",67593,Audio/Lab/67593,FSD50K,67593,,False
Lab_216292,Lab,Electroacoustic,Shatter,Shatter,"Shatter, Glass",216292,Audio/Lab/216292,FSD50K,216292,,False
Lab_91924,Lab,Electroacoustic,Bell,Bell,"Bell, Mechanisms",91924,Audio/Lab/91924,FSD50K,91924,,False
Lab_315826,Lab,Electroacoustic,Explosion,Explosion,Explosion,315826,Audio/Lab/315826,FSD50K,315826,,False
Lab_336011,Lab,Electroacoustic,Fireworks,Fireworks,"Fireworks, Explosion",336011,Audio/Lab/336011,FSD50K,336011,,False
Lab_79434,Lab,Electroacoustic,Bell,Bell,Bell,79434,Audio/Lab/79434,FSD50K,79434,,False
Lab_410763,Lab,Electroacoustic,Knock,Knock,"Knock, Slam, Door, Domestic sounds and home sounds",410763,Audio/Lab/410763,FSD50K,410763,,False
Lab_339647,Lab,Electroacoustic,Chink and clink,Chink and clink,"Chink and clink, Glass",339647,Audio/Lab/339647,FSD50K,339647,,False
Lab_120200,Lab,Electroacoustic,Squeak,Squeak,Squeak,120200,Audio/Lab/120200,FSD50K,120200,,False
Lab_241644,Lab,Electroacoustic,Knock,Knock,"Knock, Door, Domestic sounds and home sounds",241644,Audio/Lab/241644,FSD50K,241644,,False
Lab_351905,Lab,Electroacoustic,Bell,Bell,Bell,351905,Audio/Lab/351905,FSD50K,351905,,False
Lab_434257,Lab,Electroacoustic,Fireworks,Fireworks,"Fireworks, Explosion",434257,Audio/Lab/434257,FSD50K,434257,,False
Lab_377648,Lab,Electroacoustic,Bell,Bell,Bell,377648,Audio/Lab/377648,FSD50K,377648,,False
Lab_233606,Lab,Electroacoustic,Shatter,Shatter,"Shatter, Glass",233606,Audio/Lab/233606,FSD50K,233606,,False
Lab_27652,Lab,Electroacoustic,Fireworks,Fireworks,"Fireworks, Explosion",27652,Audio/Lab/27652,FSD50K,27652,,False
Lab_163456,Lab,Electroacoustic,Gunshot and gunfire,Gunshot and gunfire,"Gunshot and gunfire, Explosion",163456,Audio/Lab/163456,FSD50K,163456,,False
Lab_88922,Lab,Electroacoustic,Shatter,Shatter,"Shatter, Glass",88922,Audio/Lab/88922,FSD50K,88922,,False
Lab_255182,Lab,Electroacoustic,Shatter,Shatter,"Shatter, Crushing, Glass",255182,Audio/Lab/255182,FSD50K,255182,,False
Lab_268557,Lab,Electroacoustic,Explosion,Explosion,Explosion,268557,Audio/Lab/268557,FSD50K,268557,,False
Lab_93299,Lab,Electroacoustic,Shatter,Shatter,"Shatter, Glass",93299,Audio/Lab/93299,FSD50K,93299,,False
Lab_193855,Lab,Electroacoustic,Knock,Knock,"Knock, Door, Domestic sounds and home sounds",193855,Audio/Lab/193855,FSD50K,193855,,False
Lab_43551,Lab,Electroacoustic,Typing,Typing,"Typing, Domestic sounds and home sounds",43551,Audio/Lab/43551,FSD50K,43551,,False
Lab_347119,Lab,Electroacoustic,Fireworks,Fireworks,"Fireworks, Explosion",347119,Audio/Lab/347119,FSD50K,347119,,False
Lab_410827,Lab,Electroacoustic,Knock,Knock,"Knock, Door, Domestic sounds and home sounds",410827,Audio/Lab/410827,FSD50K,410827,,False
Human_390256,Human,Biological,Crying and sobbing,Crying and sobbing,"Crying and sobbing, Human voice",390256,Audio/Human/390256,FSD50K,390256,,False
Human_340965,Human,Biological,Crowd,Crowd,"Crowd, Human group actions",340965,Audio/Human/340965,FSD50K,340965,,False
Human_124795,Human,Biological,Breathing,Breathing,"Breathing, Respiratory sounds",124795,Audio/Human/124795,FSD50K,124795,,False
Human_403057,Human,Biological,Applause,Applause,"Applause, Screaming, Crowd, Cheering, Clapping, Shout, Human group actions, Human voice, Hands",403057,Audio/Human/403057,FSD50K,403057,,False
Human_19152,Human,Biological,Laughter,Laughter,"Laughter, Human voice",19152,Audio/Human/19152,FSD50K,19152,,False
Human_60688,Human,Biological,Crowd,Crowd,"Crowd, Human group actions",60688,Audio/Human/60688,FSD50K,60688,,False
Human_418831,Human,Biological,Laughter,Laughter,"Laughter, Human voice",418831,Audio/Human/418831,FSD50K,418831,,False
Human_150963,Human,Biological,Crowd,Crowd,"Crowd, Human group actions",150963,Audio/Human/150963,FSD50K,150963,,False
Human_253533,Human,Biological,Laughter,Laughter,"Laughter, Human voice",253533,Audio/Human/253533,FSD50K,253533,,False
Human_394856,Human,Biological,Run,Run,Run,394856,Audio/Human/394856,FSD50K,394856,,False
Human_196087,Human,Biological,Laughter,Laughter,"Laughter, Human voice",196087,Audio/Human/196087,FSD50K,196087,,False
Human_9995,Human,Biological,Breathing,Breathing,"Breathing, Respiratory sounds",9995,Audio/Human/9995,FSD50K,9995,,False
Human_16357,Human,Biological,Laughter,Laughter,"Laughter, Human voice",16357,Audio/Human/16357,FSD50K,16357,,False
Human_344077,Human,Biological,Laughter,Laughter,"Laughter, Human voice",344077,Audio/Human/344077,FSD50K,344077,,False
Human_272556,Human,Biological,Run,Run,Run,272556,Audio/Human/272556,FSD50K,272556,,False
Human_175046,Human,Biological,Clapping,Clapping,"Clapping, Hands",175046,Audio/Human/175046,FSD50K,175046,,False
Human_274636,Human,Biological,Applause,Applause,"Applause, Human group actions",274636,Audio/Human/274636,FSD50K,274636,,False
Human_4237,Human,Biological,Laughter,Laughter,"Laughter, Human voice",4237,Audio/Human/4237,FSD50K,4237,,False
Human_172398,Human,Biological,Breathing,Breathing,"Breathing, Respiratory sounds",172398,Audio/Human/172398,FSD50K,172398,,False
Human_277022,Human,Biological,Applause,Applause,"Applause, Crowd, Human group actions",277022,Audio/Human/277022,FSD50K,277022,,False
Human_197271,Human,Biological,Crowd,Crowd,"Crowd, Human group actions",197271,Audio/Human/197271,FSD50K,197271,,False
Human_434461,Human,Biological,Chewing and mastication,Chewing and mastication,Chewing and mastication,434461,Audio/Human/434461,FSD50K,434461,,False
Human_219903,Human,Biological,Gasp,Gasp,"Gasp, Breathing, Respiratory sounds",219903,Audio/Human/219903,FSD50K,219903,,False
Human_231896,Human,Biological,Clapping,Clapping,"Clapping, Hands",231896,Audio/Human/231896,FSD50K,231896,,False
Human_294425,Human,Biological,Laughter,Laughter,"Laughter, Human voice",294425,Audio/Human/294425,FSD50K,294425,,False
Human_363582,Human,Biological,Gasp,Gasp,"Gasp, Breathing, Respiratory sounds",363582,Audio/Human/363582,FSD50K,363582,,False
Human_215333,Human,Biological,Burping and eructation,Burping and eructation,Burping and eructation,215333,Audio/Human/215333,FSD50K,215333,,False
Human_323711,Human,Biological,Burping and eructation,Burping and eructation,Burping and eructation,323711,Audio/Human/323711,FSD50K,323711,,False
Human_134720,Human,Biological,Laughter,Laughter,"Laughter, Human voice",134720,Audio/Human/134720,FSD50K,134720,,False
Human_197272,Human,Biological,Crowd,Crowd,"Crowd, Human group actions",197272,Audio/Human/197272,FSD50K,197272,,False
Human_124025,Human,Biological,Crowd,Crowd,"Crowd, Laughter, Human group actions, Human voice",124025,Audio/Human/124025,FSD50K,124025,,False
Human_61356,Human,Biological,Burping and eructation,Burping and eructation,Burping and eructation,61356,Audio/Human/61356,FSD50K,61356,,False
Human_73087,Human,Biological,Clapping,Clapping,"Clapping, Hands",73087,Audio/Human/73087,FSD50K,73087,,False
Human_109742,Human,Biological,Crowd,Crowd,"Crowd, Cheering, Fireworks, Human group actions, Explosion",109742,Audio/Human/109742,FSD50K,109742,,False
Human_242867,Human,Biological,Breathing,Breathing,"Breathing, Respiratory sounds",242867,Audio/Human/242867,FSD50K,242867,,False
Human_171442,Human,Biological,Giggle,Giggle,"Giggle, Laughter, Human voice",171442,Audio/Human/171442,FSD50K,171442,,False
Human_69202,Human,Biological,Run,Run,"Run, Train, Rail transport, Vehicle",69202,Audio/Human/69202,FSD50K,69202,,False
Human_259608,Human,Biological,Crying and sobbing,Crying and sobbing,"Crying and sobbing, Human voice",259608,Audio/Human/259608,FSD50K,259608,,False
Human_63609,Human,Biological,Applause,Applause,"Applause, Human group actions",63609,Audio/Human/63609,FSD50K,63609,,False
Human_353649,Human,Biological,Cough,Cough,"Cough, Respiratory sounds",353649,Audio/Human/353649,FSD50K,353649,,False
Human_112257,Human,Biological,Cheering,Cheering,"Cheering, Clapping, Human group actions, Hands",112257,Audio/Human/112257,FSD50K,112257,,False
Human_361735,Human,Biological,Clapping,Clapping,"Clapping, Hands",361735,Audio/Human/361735,FSD50K,361735,,False
Human_130037,Human,Biological,Finger snapping,Finger snapping,"Finger snapping, Hands",130037,Audio/Human/130037,FSD50K,130037,,False
Human_156839,Human,Biological,Burping and eructation,Burping and eructation,Burping and eructation,156839,Audio/Human/156839,FSD50K,156839,,False
Human_113521,Human,Biological,Crowd,Crowd,"Crowd, Fireworks, Human group actions, Explosion",113521,Audio/Human/113521,FSD50K,113521,,False
Human_389659,Human,Biological,Run,Run,Run,389659,Audio/Human/389659,FSD50K,389659,,False
Human_389640,Human,Biological,Laughter,Laughter,"Laughter, Human voice",389640,Audio/Human/389640,FSD50K,389640,,False
Human_353320,Human,Biological,Clapping,Clapping,"Clapping, Hands",353320,Audio/Human/353320,FSD50K,353320,,False
Human_353154,Human,Biological,Breathing,Breathing,"Breathing, Respiratory sounds",353154,Audio/Human/353154,FSD50K,353154,,False
Human_210431,Human,Biological,Cough,Cough,"Cough, Respiratory sounds",210431,Audio/Human/210431,FSD50K,210431,,False
Human_399762,Human,Biological,Burping and eructation,Burping and eructation,Burping and eructation,399762,Audio/Human/399762,FSD50K,399762,,False
Human_180789,Human,Biological,Clapping,Clapping,"Clapping, Hands",180789,Audio/Human/180789,FSD50K,180789,,False
Human_241905,Human,Biological,Applause,Applause,"Applause, Crowd, Human group actions",241905,Audio/Human/241905,FSD50K,241905,,False
Human_216570,Human,Biological,Run,Run,Run,216570,Audio/Human/216570,FSD50K,216570,,False
Human_273406,Human,Biological,Run,Run,Run,273406,Audio/Human/273406,FSD50K,273406,,False
Human_407688,Human,Biological,Chewing and mastication,Chewing and mastication,Chewing and mastication,407688,Audio/Human/407688,FSD50K,407688,,False
Human_180752,Human,Biological,Clapping,Clapping,"Clapping, Hands",180752,Audio/Human/180752,FSD50K,180752,,False
Human_274349,Human,Biological,Crowd,Crowd,"Crowd, Human group actions",274349,Audio/Human/274349,FSD50K,274349,,False
Human_241546,Human,Biological,Laughter,Laughter,"Laughter, Human voice",241546,Audio/Human/241546,FSD50K,241546,,False
Human_2780,Human,Biological,Clapping,Clapping,"Clapping, Hands",2780,Audio/Human/2780,FSD50K,2780,,False
Human_343984,Human,Biological,Giggle,Giggle,"Giggle, Laughter, Human voice",343984,Audio/Human/343984,FSD50K,343984,,False
Human_148225,Human,Biological,Human voice,Human voice,"Human voice, Cough, Respiratory sounds",148225,Audio/Human/148225,FSD50K,148225,,False
Human_361706,Human,Biological,Clapping,Clapping,"Clapping, Hands",361706,Audio/Human/361706,FSD50K,361706,,False
Human_381362,Human,Biological,Applause,Applause,"Applause, Human group actions",381362,Audio/Human/381362,FSD50K,381362,,False
Human_367737,Human,Biological,Chewing and mastication,Chewing and mastication,Chewing and mastication,367737,Audio/Human/367737,FSD50K,367737,,False
Human_165492,Human,Biological,Cheering,Cheering,"Cheering, Human group actions",165492,Audio/Human/165492,FSD50K,165492,,False
Human_361757,Human,Biological,Finger snapping,Finger snapping,"Finger snapping, Hands",361757,Audio/Human/361757,FSD50K,361757,,False
Human_197718,Human,Biological,Crying and sobbing,Crying and sobbing,"Crying and sobbing, Human voice",197718,Audio/Human/197718,FSD50K,197718,,False
Human_278931,Human,Biological,Run,Run,Run,278931,Audio/Human/278931,FSD50K,278931,,False
Human_377025,Human,Biological,Applause,Applause,"Applause, Human group actions",377025,Audio/Human/377025,FSD50K,377025,,False
Human_142603,Human,Biological,Cough,Cough,"Cough, Respiratory sounds",142603,Audio/Human/142603,FSD50K,142603,,False
Human_183692,Human,Biological,Breathing,Breathing,"Breathing, Respiratory sounds",183692,Audio/Human/183692,FSD50K,183692,,False
Human_364724,Human,Biological,Finger snapping,Finger snapping,"Finger snapping, Hands",364724,Audio/Human/364724,FSD50K,364724,,False
Human_387962,Human,Biological,Burping and eructation,Burping and eructation,Burping and eructation,387962,Audio/Human/387962,FSD50K,387962,,False
Human_396891,Human,Biological,Breathing,Breathing,"Breathing, Respiratory sounds",396891,Audio/Human/396891,FSD50K,396891,,False
Human_155920,Human,Biological,Rattle,Rattle,"Rattle, Walk and footsteps, Run, Wind",155920,Audio/Human/155920,FSD50K,155920,,False
Human_198337,Human,Biological,Crowd,Crowd,"Crowd, Fireworks, Human group actions, Explosion",198337,Audio/Human/198337,FSD50K,198337,,False
Human_124023,Human,Biological,Applause,Applause,"Applause, Human group actions",124023,Audio/Human/124023,FSD50K,124023,,False
Human_191911,Human,Biological,Applause,Applause,"Applause, Crowd, Cheering, Human group actions",191911,Audio/Human/191911,FSD50K,191911,,False
Human_412157,Human,Biological,Rattle,Rattle,"Rattle, Clapping, Hands",412157,Audio/Human/412157,FSD50K,412157,,False
Human_238819,Human,Biological,Laughter,Laughter,"Laughter, Human voice",238819,Audio/Human/238819,FSD50K,238819,,False
Human_85536,Human,Biological,Breathing,Breathing,"Breathing, Respiratory sounds",85536,Audio/Human/85536,FSD50K,85536,,False
Human_194268,Human,Biological,Clapping,Clapping,"Clapping, Hands",194268,Audio/Human/194268,FSD50K,194268,,False
Human_217667,Human,Biological,Burping and eructation,Burping and eructation,Burping and eructation,217667,Audio/Human/217667,FSD50K,217667,,False
Human_140228,Human,Biological,Gasp,Gasp,"Gasp, Breathing, Respiratory sounds",140228,Audio/Human/140228,FSD50K,140228,,False
Human_32868,Human,Biological,Applause,Applause,"Applause, Cheering, Human group actions",32868,Audio/Human/32868,FSD50K,32868,,False
Human_63621,Human,Biological,Laughter,Laughter,"Laughter, Human voice",63621,Audio/Human/63621,FSD50K,63621,,False
Human_150964,Human,Biological,Gasp,Gasp,"Gasp, Breathing, Respiratory sounds",150964,Audio/Human/150964,FSD50K,150964,,False
Human_361766,Human,Biological,Finger snapping,Finger snapping,"Finger snapping, Hands",361766,Audio/Human/361766,FSD50K,361766,,False
Human_406647,Human,Biological,Breathing,Breathing,"Breathing, Respiratory sounds",406647,Audio/Human/406647,FSD50K,406647,,False
Human_170332,Human,Biological,Laughter,Laughter,"Laughter, Human voice",170332,Audio/Human/170332,FSD50K,170332,,False
Human_428953,Human,Biological,Chewing and mastication,Chewing and mastication,Chewing and mastication,428953,Audio/Human/428953,FSD50K,428953,,False
Human_424866,Human,Biological,Chatter,Chatter,"Chatter, Crowd, Laughter, Human group actions, Human voice",424866,Audio/Human/424866,FSD50K,424866,,False
Human_395410,Human,Biological,Chuckle and chortle,Chuckle and chortle,"Chuckle and chortle, Laughter, Human voice",395410,Audio/Human/395410,FSD50K,395410,,False
Human_136480,Human,Biological,Crying and sobbing,Crying and sobbing,"Crying and sobbing, Human voice",136480,Audio/Human/136480,FSD50K,136480,,False
Human_139972,Human,Biological,Applause,Applause,"Applause, Cheering, Clapping, Shout, Human group actions, Human voice, Hands",139972,Audio/Human/139972,FSD50K,139972,,False
Human_118486,Human,Biological,Laughter,Laughter,"Laughter, Human voice",118486,Audio/Human/118486,FSD50K,118486,,False
Human_330296,Human,Biological,Clapping,Clapping,"Clapping, Hands",330296,Audio/Human/330296,FSD50K,330296,,False
Human_180762,Human,Biological,Clapping,Clapping,"Clapping, Hands",180762,Audio/Human/180762,FSD50K,180762,,False
Human_231891,Human,Biological,Clapping,Clapping,"Clapping, Hands",231891,Audio/Human/231891,FSD50K,231891,,False
Human_75056,Human,Biological,Applause,Applause,"Applause, Cheering, Human group actions",75056,Audio/Human/75056,FSD50K,75056,,False
Human_399750,Human,Biological,Burping and eructation,Burping and eructation,Burping and eructation,399750,Audio/Human/399750,FSD50K,399750,,False
Human_342669,Human,Biological,Cough,Cough,"Cough, Respiratory sounds",342669,Audio/Human/342669,FSD50K,342669,,False
Human_204703,Human,Biological,Laughter,Laughter,"Laughter, Human voice",204703,Audio/Human/204703,FSD50K,204703,,False
Human_169806,Human,Biological,Laughter,Laughter,"Laughter, Human voice",169806,Audio/Human/169806,FSD50K,169806,,False
Human_381818,Human,Biological,Laughter,Laughter,"Laughter, Human voice",381818,Audio/Human/381818,FSD50K,381818,,False
Human_50778,Human,Biological,Breathing,Breathing,"Breathing, Respiratory sounds",50778,Audio/Human/50778,FSD50K,50778,,False
Human_218185,Human,Biological,Chuckle and chortle,Chuckle and chortle,"Chuckle and chortle, Giggle, Laughter, Human voice",218185,Audio/Human/218185,FSD50K,218185,,False
Human_428990,Human,Biological,Laughter,Laughter,"Laughter, Human voice",428990,Audio/Human/428990,FSD50K,428990,,False
Human_22733,Human,Biological,Train,Train,"Train, Breathing, Rail transport, Vehicle, Respiratory sounds",22733,Audio/Human/22733,FSD50K,22733,,False
Human_326883,Human,Biological,Yell,Yell,"Yell, Crying and sobbing, Human voice, Shout",326883,Audio/Human/326883,FSD50K,326883,,False
Human_252231,Human,Biological,Cough,Cough,"Cough, Respiratory sounds",252231,Audio/Human/252231,FSD50K,252231,,False
Human_333408,Human,Biological,Crowd,Crowd,"Crowd, Human group actions",333408,Audio/Human/333408,FSD50K,333408,,False
Human_109740,Human,Biological,Cheering,Cheering,"Cheering, Fireworks, Explosion, Human group actions",109740,Audio/Human/109740,FSD50K,109740,,False
Human_101154,Human,Biological,Burping and eructation,Burping and eructation,Burping and eructation,101154,Audio/Human/101154,FSD50K,101154,,False
Human_67824,Human,Biological,Laughter,Laughter,"Laughter, Human voice",67824,Audio/Human/67824,FSD50K,67824,,False
Human_196072,Human,Biological,Laughter,Laughter,"Laughter, Human voice",196072,Audio/Human/196072,FSD50K,196072,,False
Human_340971,Human,Biological,Crowd,Crowd,"Crowd, Human group actions",340971,Audio/Human/340971,FSD50K,340971,,False
Human_60803,Human,Biological,Crowd,Crowd,"Crowd, Laughter, Human group actions, Human voice",60803,Audio/Human/60803,FSD50K,60803,,False
Human_274590,Human,Biological,Applause,Applause,"Applause, Human group actions",274590,Audio/Human/274590,FSD50K,274590,,False
Human_160137,Human,Biological,Clapping,Clapping,"Clapping, Hands",160137,Audio/Human/160137,FSD50K,160137,,False
Human_338182,Human,Biological,Clapping,Clapping,"Clapping, Hands",338182,Audio/Human/338182,FSD50K,338182,,False
Human_364451,Human,Biological,Run,Run,Run,364451,Audio/Human/364451,FSD50K,364451,,False
Human_346520,Human,Biological,Sigh,Sigh,"Sigh, Breathing, Respiratory sounds, Human voice",346520,Audio/Human/346520,FSD50K,346520,,False
Human_428775,Human,Biological,Sneeze,Sneeze,"Sneeze, Respiratory sounds",428775,Audio/Human/428775,FSD50K,428775,,False
Human_175536,Human,Biological,Clapping,Clapping,"Clapping, Hands",175536,Audio/Human/175536,FSD50K,175536,,False
Human_371625,Human,Biological,Clapping,Clapping,"Clapping, Hands",371625,Audio/Human/371625,FSD50K,371625,,False
Human_19803,Human,Biological,Human voice,Human voice,"Human voice, Cough, Respiratory sounds",19803,Audio/Human/19803,FSD50K,19803,,False
Human_363586,Human,Biological,Gasp,Gasp,"Gasp, Breathing, Respiratory sounds",363586,Audio/Human/363586,FSD50K,363586,,False
Human_152904,Human,Biological,Laughter,Laughter,"Laughter, Human voice",152904,Audio/Human/152904,FSD50K,152904,,False
Human_343976,Human,Biological,Crying and sobbing,Crying and sobbing,"Crying and sobbing, Human voice",343976,Audio/Human/343976,FSD50K,343976,,False
Human_87512,Human,Biological,Cough,Cough,"Cough, Respiratory sounds",87512,Audio/Human/87512,FSD50K,87512,,False
Human_47134,Human,Biological,Cough,Cough,"Cough, Respiratory sounds",47134,Audio/Human/47134,FSD50K,47134,,False
Human_346804,Human,Biological,Finger snapping,Finger snapping,"Finger snapping, Hands",346804,Audio/Human/346804,FSD50K,346804,,False
Human_154428,Human,Biological,Crying and sobbing,Crying and sobbing,"Crying and sobbing, Human voice",154428,Audio/Human/154428,FSD50K,154428,,False
Human_132814,Human,Biological,Laughter,Laughter,"Laughter, Human voice",132814,Audio/Human/132814,FSD50K,132814,,False
Human_272440,Human,Biological,Chewing and mastication,Chewing and mastication,Chewing and mastication,272440,Audio/Human/272440,FSD50K,272440,,False
Human_58650,Human,Biological,Chuckle and chortle,Chuckle and chortle,"Chuckle and chortle, Laughter, Human voice",58650,Audio/Human/58650,FSD50K,58650,,False
Human_416703,Human,Biological,Giggle,Giggle,"Giggle, Laughter, Human voice",416703,Audio/Human/416703,FSD50K,416703,,False
Human_239583,Human,Biological,Laughter,Laughter,"Laughter, Human voice",239583,Audio/Human/239583,FSD50K,239583,,False
Human_175048,Human,Biological,Clapping,Clapping,"Clapping, Hands",175048,Audio/Human/175048,FSD50K,175048,,False
Human_246312,Human,Biological,Laughter,Laughter,"Laughter, Human voice",246312,Audio/Human/246312,FSD50K,246312,,False
Human_154681,Human,Biological,Chewing and mastication,Chewing and mastication,Chewing and mastication,154681,Audio/Human/154681,FSD50K,154681,,False
Human_219768,Human,Biological,Cough,Cough,"Cough, Respiratory sounds",219768,Audio/Human/219768,FSD50K,219768,,False
Human_232861,Human,Biological,Applause,Applause,"Applause, Cheering, Human group actions",232861,Audio/Human/232861,FSD50K,232861,,False
Human_193467,Human,Biological,Crowd,Crowd,"Crowd, Fire, Human group actions",193467,Audio/Human/193467,FSD50K,193467,,False
Human_273109,Human,Biological,Run,Run,Run,273109,Audio/Human/273109,FSD50K,273109,,False
Human_217669,Human,Biological,Burping and eructation,Burping and eructation,Burping and eructation,217669,Audio/Human/217669,FSD50K,217669,,False
Human_395408,Human,Biological,Chuckle and chortle,Chuckle and chortle,"Chuckle and chortle, Laughter, Human voice",395408,Audio/Human/395408,FSD50K,395408,,False
Human_142605,Human,Biological,Sneeze,Sneeze,"Sneeze, Respiratory sounds",142605,Audio/Human/142605,FSD50K,142605,,False
Human_63805,Human,Biological,Walk and footsteps,Walk and footsteps,"Walk and footsteps, Laughter, Human voice",63805,Audio/Human/63805,FSD50K,63805,,False
Human_19119,Human,Biological,Cough,Cough,"Cough, Respiratory sounds",19119,Audio/Human/19119,FSD50K,19119,,False
Human_393010,Human,Biological,Crying and sobbing,Crying and sobbing,"Crying and sobbing, Laughter, Human voice",393010,Audio/Human/393010,FSD50K,393010,,False
Human_273400,Human,Biological,Run,Run,Run,273400,Audio/Human/273400,FSD50K,273400,,False
Human_16580,Human,Biological,Cough,Cough,"Cough, Respiratory sounds",16580,Audio/Human/16580,FSD50K,16580,,False
Human_76461,Human,Biological,Laughter,Laughter,"Laughter, Human voice",76461,Audio/Human/76461,FSD50K,76461,,False
Human_101159,Human,Biological,Burping and eructation,Burping and eructation,Burping and eructation,101159,Audio/Human/101159,FSD50K,101159,,False
Human_323447,Human,Biological,Breathing,Breathing,"Breathing, Respiratory sounds",323447,Audio/Human/323447,FSD50K,323447,,False
Human_98935,Human,Biological,Laughter,Laughter,"Laughter, Human voice",98935,Audio/Human/98935,FSD50K,98935,,False
Human_101181,Human,Biological,Burping and eructation,Burping and eructation,Burping and eructation,101181,Audio/Human/101181,FSD50K,101181,,False
Human_166048,Human,Biological,Laughter,Laughter,"Laughter, Human voice",166048,Audio/Human/166048,FSD50K,166048,,False
Human_35034,Human,Biological,Cheering,Cheering,"Cheering, Human group actions",35034,Audio/Human/35034,FSD50K,35034,,False
Human_361710,Human,Biological,Clapping,Clapping,"Clapping, Hands",361710,Audio/Human/361710,FSD50K,361710,,False
Human_253772,Human,Biological,Laughter,Laughter,"Laughter, Human voice",253772,Audio/Human/253772,FSD50K,253772,,False
Human_273407,Human,Biological,Run,Run,Run,273407,Audio/Human/273407,FSD50K,273407,,False
Human_19124,Human,Biological,Cough,Cough,"Cough, Respiratory sounds",19124,Audio/Human/19124,FSD50K,19124,,False
Human_171118,Human,Biological,Crowd,Crowd,"Crowd, Laughter, Human group actions, Human voice",171118,Audio/Human/171118,FSD50K,171118,,False
Human_138338,Human,Biological,Run,Run,Run,138338,Audio/Human/138338,FSD50K,138338,,False
Human_18276,Human,Biological,Crying and sobbing,Crying and sobbing,"Crying and sobbing, Human voice",18276,Audio/Human/18276,FSD50K,18276,,False
Human_371303,Human,Biological,Crying and sobbing,Crying and sobbing,"Crying and sobbing, Human voice",371303,Audio/Human/371303,FSD50K,371303,,False
Human_62870,Human,Biological,Laughter,Laughter,"Laughter, Human voice",62870,Audio/Human/62870,FSD50K,62870,,False
Human_176866,Human,Biological,Breathing,Breathing,"Breathing, Respiratory sounds",176866,Audio/Human/176866,FSD50K,176866,,False
Human_193911,Human,Biological,Breathing,Breathing,"Breathing, Respiratory sounds",193911,Audio/Human/193911,FSD50K,193911,,False
Human_253775,Human,Biological,Cough,Cough,"Cough, Respiratory sounds",253775,Audio/Human/253775,FSD50K,253775,,False
Human_381357,Human,Biological,Applause,Applause,"Applause, Human group actions",381357,Audio/Human/381357,FSD50K,381357,,False
Human_238495,Human,Biological,Breathing,Breathing,"Breathing, Respiratory sounds",238495,Audio/Human/238495,FSD50K,238495,,False
Human_160139,Human,Biological,Clapping,Clapping,"Clapping, Hands",160139,Audio/Human/160139,FSD50K,160139,,False
Human_399623,Human,Biological,Human voice,Human voice,"Human voice, Breathing, Respiratory sounds",399623,Audio/Human/399623,FSD50K,399623,,False
Human_319019,Human,Biological,Crying and sobbing,Crying and sobbing,"Crying and sobbing, Human voice",319019,Audio/Human/319019,FSD50K,319019,,False
Human_364732,Human,Biological,Finger snapping,Finger snapping,"Finger snapping, Hands",364732,Audio/Human/364732,FSD50K,364732,,False
Human_156844,Human,Biological,Sneeze,Sneeze,"Sneeze, Respiratory sounds",156844,Audio/Human/156844,FSD50K,156844,,False
Human_242610,Human,Biological,Laughter,Laughter,"Laughter, Human voice",242610,Audio/Human/242610,FSD50K,242610,,False
Human_67103,Human,Biological,Applause,Applause,"Applause, Human group actions",67103,Audio/Human/67103,FSD50K,67103,,False
Human_240689,Human,Biological,Sigh,Sigh,"Sigh, Human voice",240689,Audio/Human/240689,FSD50K,240689,,False
Human_361753,Human,Biological,Finger snapping,Finger snapping,"Finger snapping, Hands",361753,Audio/Human/361753,FSD50K,361753,,False
Human_169802,Human,Biological,Laughter,Laughter,"Laughter, Human voice",169802,Audio/Human/169802,FSD50K,169802,,False
Human_196168,Human,Biological,Laughter,Laughter,"Laughter, Human voice",196168,Audio/Human/196168,FSD50K,196168,,False
Human_9985,Human,Biological,Breathing,Breathing,"Breathing, Respiratory sounds",9985,Audio/Human/9985,FSD50K,9985,,False
Human_36346,Human,Biological,Breathing,Breathing,"Breathing, Respiratory sounds",36346,Audio/Human/36346,FSD50K,36346,,False
Human_272554,Human,Biological,Run,Run,Run,272554,Audio/Human/272554,FSD50K,272554,,False
Human_257919,Human,Biological,Breathing,Breathing,"Breathing, Respiratory sounds",257919,Audio/Human/257919,FSD50K,257919,,False
Human_399769,Human,Biological,Burping and eructation,Burping and eructation,Burping and eructation,399769,Audio/Human/399769,FSD50K,399769,,False
Human_399463,Human,Biological,Cough,Cough,"Cough, Respiratory sounds",399463,Audio/Human/399463,FSD50K,399463,,False
Human_235167,Human,Biological,Giggle,Giggle,"Giggle, Laughter, Human voice",235167,Audio/Human/235167,FSD50K,235167,,False
Human_361745,Human,Biological,Finger snapping,Finger snapping,"Finger snapping, Hands",361745,Audio/Human/361745,FSD50K,361745,,False
Human_367680,Human,Biological,Laughter,Laughter,"Laughter, Human voice",367680,Audio/Human/367680,FSD50K,367680,,False
Human_161849,Human,Biological,Rattle,Rattle,"Rattle, Breathing, Respiratory sounds",161849,Audio/Human/161849,FSD50K,161849,,False
Human_241473,Human,Biological,Laughter,Laughter,"Laughter, Human voice",241473,Audio/Human/241473,FSD50K,241473,,False
Human_124024,Human,Biological,Laughter,Laughter,"Laughter, Human voice",124024,Audio/Human/124024,FSD50K,124024,,False
Human_31605,Human,Biological,Laughter,Laughter,"Laughter, Human voice",31605,Audio/Human/31605,FSD50K,31605,,False
Human_430341,Human,Biological,Sigh,Sigh,"Sigh, Human voice",430341,Audio/Human/430341,FSD50K,430341,,False
Human_377056,Human,Biological,Applause,Applause,"Applause, Human group actions",377056,Audio/Human/377056,FSD50K,377056,,False
Human_20738,Human,Biological,Applause,Applause,"Applause, Clapping, Human group actions, Hands",20738,Audio/Human/20738,FSD50K,20738,,False
Human_28227,Human,Biological,Clapping,Clapping,"Clapping, Hands",28227,Audio/Human/28227,FSD50K,28227,,False
Human_242239,Human,Biological,Chuckle and chortle,Chuckle and chortle,"Chuckle and chortle, Laughter, Human voice",242239,Audio/Human/242239,FSD50K,242239,,False
Human_334941,Human,Biological,Applause,Applause,"Applause, Human group actions",334941,Audio/Human/334941,FSD50K,334941,,False
Human_427722,Human,Biological,Sigh,Sigh,"Sigh, Breathing, Respiratory sounds, Human voice",427722,Audio/Human/427722,FSD50K,427722,,False
Human_235099,Human,Biological,Laughter,Laughter,"Laughter, Human voice",235099,Audio/Human/235099,FSD50K,235099,,False
Human_361730,Human,Biological,Clapping,Clapping,"Clapping, Hands",361730,Audio/Human/361730,FSD50K,361730,,False
Human_198263,Human,Biological,Laughter,Laughter,"Laughter, Human voice",198263,Audio/Human/198263,FSD50K,198263,,False
Human_254281,Human,Biological,Burping and eructation,Burping and eructation,Burping and eructation,254281,Audio/Human/254281,FSD50K,254281,,False
Human_31650,Human,Biological,Applause,Applause,"Applause, Clapping, Human group actions, Hands",31650,Audio/Human/31650,FSD50K,31650,,False
Human_377054,Human,Biological,Applause,Applause,"Applause, Human group actions",377054,Audio/Human/377054,FSD50K,377054,,False
Human_101153,Human,Biological,Burping and eructation,Burping and eructation,Burping and eructation,101153,Audio/Human/101153,FSD50K,101153,,False
Human_218306,Human,Biological,Cough,Cough,"Cough, Respiratory sounds",218306,Audio/Human/218306,FSD50K,218306,,False
Human_277550,Human,Biological,Chuckle and chortle,Chuckle and chortle,"Chuckle and chortle, Laughter, Human voice",277550,Audio/Human/277550,FSD50K,277550,,False
Human_120755,Human,Biological,Laughter,Laughter,"Laughter, Human voice",120755,Audio/Human/120755,FSD50K,120755,,False
Human_192091,Human,Biological,Chewing and mastication,Chewing and mastication,Chewing and mastication,192091,Audio/Human/192091,FSD50K,192091,,False
Human_257916,Human,Biological,Finger snapping,Finger snapping,"Finger snapping, Hands",257916,Audio/Human/257916,FSD50K,257916,,False
Human_399758,Human,Biological,Burping and eructation,Burping and eructation,Burping and eructation,399758,Audio/Human/399758,FSD50K,399758,,False
